EMP_ID,GENERO,EDAD,ANTIGUEDAD_MESES,ANTIGUEDAD_ANIOS,SALARIO,LOG_SALARIO,SALARIO_RATIO,AUSENCIAS,LOG_AUSENCIAS,SATISFACCION,DESEMPENO,AVG_DESEMPENO,STD_DESEMPENO,SATISFACCION_X_DESEMPENO,BURNOUT_SCORE,LOG_ANTIGUEDAD,FUGA,SALARIO_AREA_MEAN,AREA_Comercial,AREA_Marketing,AREA_Operaciones,AREA_Riesgos,AREA_TI,ESTADO_CIVIL_Casado,ESTADO_CIVIL_Divorciado,ESTADO_CIVIL_Soltero,CARGO_Analista,CARGO_Asistente,CARGO_Especialista,CARGO_Gerente,CARGO_Jefe
1000,0,26,60,5.0,5168,8.550434525196039,0.6208541352791153,2,1.0986122886681098,3.23,4,4.5,0.7071067811865476,12.92,0,4.110873864173311,0,8323.016393442624,True,False,False,False,False,True,False,False,False,False,False,False,True
1001,1,55,93,7.75,8349,9.030016817844901,0.9645049994051406,3,1.3862943611198906,2.47,3,5.0,0.0,7.41,0,4.543294782270004,0,8655.253731343284,False,False,True,False,False,False,True,False,True,False,False,False,False
1002,0,35,19,1.5833333333333333,14595,9.588502797556337,1.6894906272623373,0,0.0,2.73,4,3.5,2.1213203435596424,10.92,0,2.995732273553991,0,8637.698412698413,False,False,False,False,True,False,False,True,False,False,True,False,False
1003,0,41,47,3.9166666666666665,12361,9.422382530219219,1.4308868546481501,1,0.6931471805599453,1.65,5,1.5,0.7071067811865476,8.25,1,3.871201010907891,1,8637.698412698413,False,False,False,False,True,True,False,False,False,False,True,False,False
1004,0,34,78,6.5,14682,9.594445640962938,1.763811999645505,5,1.791759469228055,1.41,4,4.5,0.7071067811865476,5.64,1,4.3694478524670215,1,8323.016393442624,True,False,False,False,False,False,True,False,False,False,True,False,False
1005,1,26,186,15.5,12462,9.430519533826377,1.4425784307600718,4,1.6094379124341003,1.91,1,3.0,2.8284271247461903,1.91,1,5.231108616854587,1,8637.698412698413,False,False,False,False,True,True,False,False,True,False,False,False,False
1006,1,56,90,7.5,4882,8.49351506406166,0.634554894634725,2,1.0986122886681098,4.2,1,2.0,1.4142135623730951,4.2,0,4.51085950651685,1,7692.581818181819,False,False,False,True,False,False,False,True,True,False,False,False,False
1007,1,25,7,0.5833333333333334,4629,8.440312147080279,0.5358446120998533,2,1.0986122886681098,3.18,4,2.5,2.1213203435596424,12.72,0,2.0794415416798357,0,8637.698412698413,False,False,False,False,True,False,False,True,False,True,False,False,False
1008,1,51,122,10.166666666666666,12651,9.445570584425539,1.5198192077043513,1,0.6931471805599453,1.73,1,3.5,0.7071067811865476,1.73,1,4.812184355372417,1,8323.016393442624,True,False,False,False,False,False,True,False,True,False,False,False,False
1009,0,26,23,1.9166666666666667,14533,9.584246011176582,1.7459119868443078,1,0.6931471805599453,4.34,2,4.5,0.7071067811865476,8.68,0,3.1780538303479458,1,8323.016393442624,True,False,False,False,False,True,False,False,False,False,False,False,True
1010,1,38,146,12.166666666666666,10236,9.233763886919771,1.3304596275053349,6,1.9459101490553132,4.26,2,3.0,1.4142135623730951,8.52,1,4.990432586778736,1,7692.581818181819,False,False,False,True,False,False,True,False,False,False,False,True,False
1011,1,55,14,1.1666666666666667,4234,8.351138607086154,0.4891261429490197,2,1.0986122886681098,3.84,2,3.5,2.1213203435596424,7.68,0,2.70805020110221,1,8655.253731343284,False,False,True,False,False,False,False,True,False,False,True,False,False
1012,0,30,135,11.25,6751,8.817594036275793,0.8110267545025749,2,1.0986122886681098,2.47,2,3.0,1.4142135623730951,4.94,0,4.912654885736052,1,8323.016393442624,True,False,False,False,False,False,True,False,False,False,False,True,False
1013,0,21,132,11.0,2243,7.716015266642587,0.2596455962281208,2,1.0986122886681098,1.65,4,4.0,1.4142135623730951,6.6,1,4.890349128221754,1,8637.698412698413,False,False,False,False,True,False,True,False,True,False,False,False,False
1014,1,52,150,12.5,2036,7.619233416226805,0.24613593624070923,2,1.0986122886681098,1.42,1,3.0,1.4142135623730951,1.42,1,5.017279836814924,1,8270.851851851852,False,True,False,False,False,False,True,False,False,False,False,False,True
1015,0,23,24,2.0,3584,8.184513753033722,0.4332766186083997,3,1.3862943611198906,4.3,3,2.5,2.1213203435596424,12.899999999999999,0,3.2188758248682006,0,8270.851851851852,False,True,False,False,False,True,False,False,False,False,False,True,False
1016,0,22,83,6.916666666666667,2683,7.895063498091573,0.3243530043879287,1,0.6931471805599453,4.1,3,3.0,0.0,12.299999999999999,0,4.430816798843313,0,8270.851851851852,False,True,False,False,False,True,False,False,False,False,False,True,False
1017,1,49,156,13.0,6220,8.73568594451502,0.7185556469397502,1,0.6931471805599453,2.72,1,3.5,0.7071067811865476,2.72,0,5.056245805348308,1,8655.253731343284,False,False,True,False,False,False,True,False,False,False,True,False,False
1018,1,33,31,2.5833333333333335,9184,9.125326997649227,1.0609670516872454,3,1.3862943611198906,4.53,5,2.0,1.4142135623730951,22.650000000000002,0,3.4657359027997265,0,8655.253731343284,False,False,True,False,False,False,True,False,True,False,False,False,False
1019,1,35,222,18.5,4932,8.503702601233739,0.641053818176662,4,1.6094379124341003,4.2,4,5.0,0.0,16.8,0,5.407171771460119,0,7692.581818181819,False,False,False,True,False,True,False,False,False,False,True,False,False
1020,1,33,128,10.666666666666666,8838,9.086929027060949,1.0209959497835228,2,1.0986122886681098,4.6,5,4.0,0.0,23.0,0,4.859812404361672,0,8655.253731343284,False,False,True,False,False,False,True,False,False,True,False,False,False
1021,1,43,82,6.833333333333333,4490,8.409830673087738,0.539403070317962,3,1.3862943611198906,3.02,1,2.0,1.4142135623730951,3.02,0,4.418840607796598,1,8323.016393442624,True,False,False,False,False,False,False,True,False,False,False,True,False
1022,0,23,43,3.5833333333333335,4209,8.345217926676428,0.5470793837602536,5,1.791759469228055,3.92,1,3.0,1.4142135623730951,3.92,0,3.784189633918261,1,7692.581818181819,False,False,False,True,False,False,True,False,True,False,False,False,False
1023,0,47,124,10.333333333333334,5205,8.55756708555451,0.6292424106743082,1,0.6931471805599453,1.95,4,2.0,0.0,7.8,1,4.8283137373023015,1,8270.851851851852,False,True,False,False,False,False,True,False,True,False,False,False,False
1024,1,30,38,3.1666666666666665,4740,8.464003362902119,0.547580991397816,3,1.3862943611198906,3.45,3,2.0,0.0,10.350000000000001,0,3.6635616461296463,0,8655.253731343284,False,False,True,False,False,False,True,False,True,False,False,False,False
1025,0,20,140,11.666666666666666,14394,9.574636203046277,1.6628440485612161,2,1.0986122886681098,3.66,2,3.5,0.7071067811865476,7.32,0,4.948759890378168,1,8655.253731343284,False,False,True,False,False,False,False,True,False,False,False,False,True
1026,1,43,90,7.5,1606,7.382124365737512,0.20874542416701525,3,1.3862943611198906,4.73,4,3.5,2.1213203435596424,18.92,0,4.51085950651685,0,7692.581818181819,False,False,False,True,False,True,False,False,True,False,False,False,False
1027,1,32,170,14.166666666666666,5191,8.554874258383926,0.6747182421238954,5,1.791759469228055,4.88,5,3.5,0.7071067811865476,24.4,0,5.14166355650266,0,7692.581818181819,False,False,False,True,False,False,False,True,False,False,False,False,True
1028,1,38,4,0.3333333333333333,14836,9.604879339950793,1.9283605933635355,3,1.3862943611198906,3.32,2,4.0,1.4142135623730951,6.64,0,1.6094379124341003,1,7692.581818181819,False,False,False,True,False,True,False,False,False,False,False,False,True
1029,0,30,73,6.083333333333333,5838,8.672314828283538,0.7013441257274526,2,1.0986122886681098,4.74,4,3.5,0.7071067811865476,18.96,0,4.30406509320417,0,8323.016393442624,True,False,False,False,False,False,False,True,False,False,False,False,True
1030,1,42,139,11.583333333333334,5563,8.624072553043334,0.6725217157696785,0,0.0,4.54,2,1.5,0.7071067811865476,9.08,0,4.941642422609304,1,8270.851851851852,False,True,False,False,False,False,False,True,False,False,True,False,False
1031,1,30,99,8.25,9885,9.198874893866904,1.1419489662378506,5,1.791759469228055,2.92,4,1.0,0.0,11.68,0,4.605170185988092,0,8655.253731343284,False,False,True,False,False,False,False,True,True,False,False,False,False
1032,0,59,46,3.8333333333333335,10398,9.249464926660233,1.2491565980325543,0,0.0,1.51,2,4.5,0.7071067811865476,3.02,1,3.8501476017100584,1,8323.016393442624,True,False,False,False,False,False,False,True,False,False,True,False,False
1033,1,20,47,3.9166666666666665,2500,7.824445930877619,0.2888085397667806,3,1.3862943611198906,1.98,2,2.0,1.4142135623730951,3.96,1,3.871201010907891,1,8655.253731343284,False,False,True,False,False,False,False,True,False,False,True,False,False
1034,0,38,8,0.6666666666666666,12607,9.44208681209766,1.4564037043359213,3,1.3862943611198906,3.77,5,4.0,0.0,18.85,0,2.1972245773362196,0,8655.253731343284,False,False,True,False,False,False,False,True,False,False,False,False,True
1035,0,37,204,17.0,8268,9.020268861722167,0.9570886266670096,1,0.6931471805599453,2.67,5,3.0,2.8284271247461903,13.35,0,5.3230099791384085,0,8637.698412698413,False,False,False,False,True,True,False,False,True,False,False,False,False
1036,0,27,103,8.583333333333334,3086,8.034955024502159,0.37073449331875963,3,1.3862943611198906,4.69,5,4.0,1.4142135623730951,23.450000000000003,0,4.6443908991413725,0,8323.016393442624,True,False,False,False,False,False,True,False,False,False,False,True,False
1037,1,24,209,17.416666666666668,2286,7.734996194022781,0.2763589146592639,3,1.3862943611198906,1.25,1,3.0,1.4142135623730951,1.25,1,5.3471075307174685,1,8270.851851851852,False,True,False,False,False,False,False,True,False,True,False,False,False
1038,1,56,120,10.0,3840,8.253488028345904,0.4613157661516646,2,1.0986122886681098,2.68,4,1.5,0.7071067811865476,10.72,0,4.795790545596741,0,8323.016393442624,True,False,False,False,False,False,False,True,False,False,False,True,False
1039,0,26,112,9.333333333333334,1649,7.408530566894626,0.21433449841308103,3,1.3862943611198906,2.52,5,1.5,0.7071067811865476,12.6,0,4.727387818712341,0,7692.581818181819,False,False,False,True,False,True,False,False,False,False,False,False,True
1040,1,44,115,9.583333333333334,4393,8.387995252944556,0.5085256817789275,0,0.0,1.16,4,2.0,0.0,4.64,1,4.7535901911063645,1,8637.698412698413,False,False,False,False,True,False,True,False,True,False,False,False,False
1041,1,53,210,17.5,8721,9.073603848402712,1.047691353283507,2,1.0986122886681098,4.42,2,3.5,2.1213203435596424,8.84,0,5.351858133476067,1,8323.016393442624,True,False,False,False,False,False,False,True,True,False,False,False,False
1042,0,34,146,12.166666666666666,2226,7.708410667257367,0.2893320760870336,5,1.791759469228055,3.54,4,3.0,1.4142135623730951,14.16,0,4.990432586778736,0,7692.581818181819,False,False,False,True,False,False,False,True,False,True,False,False,False
1043,1,47,112,9.333333333333334,2440,7.80016307039296,0.2824499575553342,0,0.0,1.13,1,3.5,0.7071067811865476,1.13,1,4.727387818712341,1,8637.698412698413,False,False,False,False,True,False,False,True,False,True,False,False,False
1044,0,49,150,12.5,13937,9.542374201998465,1.6100498474918485,1,0.6931471805599453,1.87,2,3.5,0.7071067811865476,3.74,1,5.017279836814924,1,8655.253731343284,False,False,True,False,False,False,True,False,True,False,False,False,False
1045,1,48,191,15.916666666666666,4925,8.502282578680484,0.5916614969523303,1,0.6931471805599453,3.86,3,2.0,1.4142135623730951,11.58,0,5.2574953720277815,0,8323.016393442624,True,False,False,False,False,False,False,True,False,False,False,False,True
1046,1,38,38,3.1666666666666665,8940,9.098402718735318,1.080773708247515,2,1.0986122886681098,4.32,1,2.5,2.1213203435596424,4.32,0,3.6635616461296463,1,8270.851851851852,False,True,False,False,False,True,False,False,False,False,False,False,True
1047,1,33,49,4.083333333333333,12321,9.419141561574516,1.4895092683800484,4,1.6094379124341003,4.56,1,2.5,2.1213203435596424,4.56,0,3.912023005428146,1,8270.851851851852,False,True,False,False,False,True,False,False,False,False,False,True,False
1048,1,21,5,0.4166666666666667,4330,8.373553741214627,0.5012329164813923,2,1.0986122886681098,1.88,5,1.5,0.7071067811865476,9.399999999999999,1,1.791759469228055,1,8637.698412698413,False,False,False,False,True,True,False,False,False,False,True,False,False
1049,1,50,77,6.416666666666667,11250,9.328212292571072,1.3022795174170123,2,1.0986122886681098,3.01,2,4.5,0.7071067811865476,6.02,0,4.356708826689592,1,8637.698412698413,False,False,False,False,True,False,False,True,False,True,False,False,False
1050,0,23,149,12.416666666666666,4886,8.494333897270154,0.5906778902122325,2,1.0986122886681098,1.41,1,3.5,2.1213203435596424,1.41,1,5.0106352940962555,1,8270.851851851852,False,True,False,False,False,False,True,False,False,True,False,False,False
1051,0,36,189,15.75,5108,8.538758969330798,0.617515895047909,3,1.3862943611198906,3.0,1,5.0,0.0,3.0,0,5.247024072160486,1,8270.851851851852,False,True,False,False,False,False,False,True,False,False,False,True,False
1052,0,53,200,16.666666666666668,8215,9.013838751608395,0.9490248616736411,2,1.0986122886681098,3.92,1,1.0,0.0,3.92,0,5.303304908059076,1,8655.253731343284,False,False,True,False,False,False,False,True,False,False,True,False,False
1053,0,33,39,3.25,8983,9.10320049641828,1.0398557248850686,3,1.3862943611198906,2.65,5,4.0,0.0,13.25,0,3.6888794541139363,0,8637.698412698413,False,False,False,False,True,False,True,False,False,False,False,False,True
1054,0,58,199,16.583333333333332,3379,8.125630988477065,0.43919725296409995,2,1.0986122886681098,1.9,3,1.5,0.7071067811865476,5.699999999999999,1,5.298317366548036,1,7692.581818181819,False,False,False,True,False,False,False,True,False,False,False,True,False
1055,1,32,205,17.083333333333332,2883,7.96693349840484,0.34853138712277243,2,1.0986122886681098,1.01,3,2.5,0.7071067811865476,3.0300000000000002,1,5.327876168789581,1,8270.851851851852,False,True,False,False,False,False,False,True,False,True,False,False,False
1056,0,54,145,12.083333333333334,11857,9.380758024267314,1.369761142405887,5,1.791759469228055,1.06,1,3.5,0.7071067811865476,1.06,1,4.983606621708336,1,8655.253731343284,False,False,True,False,False,False,True,False,False,False,False,False,True
1057,0,43,15,1.25,12934,9.46769209462013,1.4941798613374162,1,0.6931471805599453,2.95,2,1.0,0.0,5.9,0,2.772588722239781,1,8655.253731343284,False,False,True,False,False,True,False,False,False,True,False,False,False
1058,0,23,85,7.083333333333333,9431,9.151863442217207,1.2258269584801498,4,1.6094379124341003,3.97,2,3.0,2.8284271247461903,7.94,0,4.454347296253507,1,7692.581818181819,False,False,False,True,False,False,True,False,False,False,True,False,False
1059,0,40,89,7.416666666666667,11244,9.327678864393416,1.350790227762843,1,0.6931471805599453,1.58,1,2.0,0.0,1.58,1,4.499809670330265,1,8323.016393442624,True,False,False,False,False,False,False,True,True,False,False,False,False
1060,0,55,40,3.3333333333333335,4865,8.490027523343468,0.5844534381062105,1,0.6931471805599453,4.75,4,3.5,2.1213203435596424,19.0,0,3.713572066704308,0,8323.016393442624,True,False,False,False,False,False,True,False,False,False,True,False,False
1061,0,27,177,14.75,6118,8.71915396346254,0.7952082845914067,3,1.3862943611198906,4.45,4,3.5,0.7071067811865476,17.8,0,5.181783550292085,0,7692.581818181819,False,False,False,True,False,True,False,False,False,False,True,False,False
1062,1,43,145,12.083333333333334,10656,9.273972232220956,1.2310175199019258,2,1.0986122886681098,1.22,1,2.5,2.1213203435596424,1.22,1,4.983606621708336,1,8655.253731343284,False,False,True,False,False,False,False,True,False,True,False,False,False
1063,0,38,213,17.75,12603,9.441769502877165,1.5140527606274554,1,0.6931471805599453,1.95,2,2.0,1.4142135623730951,3.9,1,5.365976015021851,1,8323.016393442624,True,False,False,False,False,False,False,True,False,True,False,False,False
1064,0,58,210,17.5,12366,9.422786913742057,1.4314656455447798,2,1.0986122886681098,3.44,1,5.0,0.0,3.44,0,5.351858133476067,1,8637.698412698413,False,False,False,False,True,False,True,False,False,False,False,False,True
1065,1,45,214,17.833333333333332,11396,9.341105441855735,1.4812346536782726,2,1.0986122886681098,1.94,2,1.5,0.7071067811865476,3.88,1,5.3706380281276624,1,7692.581818181819,False,False,False,True,False,True,False,False,True,False,False,False,False
1066,0,57,135,11.25,14280,9.566685261452934,1.653026800774661,2,1.0986122886681098,2.81,3,3.0,2.8284271247461903,8.43,0,4.912654885736052,0,8637.698412698413,False,False,False,False,True,False,False,True,False,False,True,False,False
1067,0,37,67,5.583333333333333,3024,8.014666370464942,0.3930548958163475,4,1.6094379124341003,1.7,3,1.5,0.7071067811865476,5.1,1,4.219507705176107,1,7692.581818181819,False,False,False,True,False,False,False,True,False,False,False,False,True
1068,0,31,45,3.75,11337,9.33591519488425,1.3619627189743286,3,1.3862943611198906,4.23,1,2.5,0.7071067811865476,4.23,0,3.828641396489095,1,8323.016393442624,True,False,False,False,False,False,True,False,False,False,False,True,False
1069,0,39,199,16.583333333333332,1959,7.580699752224563,0.22677027329954907,1,0.6931471805599453,2.67,3,5.0,0.0,8.01,0,5.298317366548036,0,8637.698412698413,False,False,False,False,True,False,True,False,False,False,False,True,False
1070,0,48,233,19.416666666666668,8498,9.047703788498627,1.1045570451876061,4,1.6094379124341003,3.22,2,3.0,0.0,6.44,0,5.455321115357702,1,7692.581818181819,False,False,False,True,False,True,False,False,False,True,False,False,False
1071,1,53,24,2.0,12757,9.4539138048019,1.5422181427420076,0,0.0,4.96,3,3.5,2.1213203435596424,14.879999999999999,0,3.2188758248682006,0,8270.851851851852,False,True,False,False,False,False,True,False,True,False,False,False,False
1072,0,29,184,15.333333333333334,3417,8.136810863675537,0.3947435121532358,5,1.791759469228055,4.17,1,3.0,1.4142135623730951,4.17,0,5.220355825078324,1,8655.253731343284,False,False,True,False,False,True,False,False,False,True,False,False,False
1073,1,56,224,18.666666666666668,9419,9.150590367570409,1.0881150544253226,3,1.3862943611198906,2.81,1,1.5,0.7071067811865476,2.81,0,5.41610040220442,1,8655.253731343284,False,False,True,False,False,False,True,False,False,False,False,True,False
1074,1,23,183,15.25,13945,9.542948007780955,1.8125497758462188,4,1.6094379124341003,4.5,4,2.0,1.4142135623730951,18.0,0,5.214935757608986,0,7692.581818181819,False,False,False,True,False,False,True,False,True,False,False,False,False
1075,0,30,230,19.166666666666668,8903,9.094255892955381,1.0695557984500703,2,1.0986122886681098,2.62,4,4.0,1.4142135623730951,10.48,0,5.442417710521793,0,8323.016393442624,True,False,False,False,False,False,True,False,False,False,True,False,False
1076,1,22,26,2.1666666666666665,10928,9.299175085676673,1.2624398890285515,1,0.6931471805599453,1.96,3,2.0,0.0,5.88,1,3.295836866004329,1,8655.253731343284,False,False,True,False,False,False,True,False,True,False,False,False,False
1077,1,32,49,4.083333333333333,10258,9.235910648087712,1.3333191538637872,4,1.6094379124341003,4.88,1,2.5,2.1213203435596424,4.88,0,3.912023005428146,1,7692.581818181819,False,False,False,True,False,True,False,False,True,False,False,False,False
1078,1,57,237,19.75,12638,9.444542550647126,1.4629518703214401,0,0.0,4.21,3,2.5,0.7071067811865476,12.629999999999999,0,5.472270673671475,0,8637.698412698413,False,False,False,False,True,False,True,False,False,False,False,True,False
1079,1,51,112,9.333333333333334,9340,9.14216859187285,1.1220544937126427,1,0.6931471805599453,1.05,3,3.5,2.1213203435596424,3.1500000000000004,1,4.727387818712341,1,8323.016393442624,True,False,False,False,False,True,False,False,False,True,False,False,False
1080,0,51,38,3.1666666666666665,14768,9.600285668426311,1.7853317811408613,1,0.6931471805599453,3.26,3,4.5,0.7071067811865476,9.78,0,3.6635616461296463,0,8270.851851851852,False,True,False,False,False,False,False,True,False,False,False,False,True
1081,1,52,138,11.5,14330,9.570180302058072,1.7215247210816025,1,0.6931471805599453,2.38,5,2.5,2.1213203435596424,11.899999999999999,0,4.9344739331306915,0,8323.016393442624,True,False,False,False,False,True,False,False,False,False,False,False,True
1082,0,33,72,6.0,13876,9.53798807237101,1.6774961941434583,1,0.6931471805599453,4.19,1,3.0,0.0,4.19,0,4.290459441148391,1,8270.851851851852,False,True,False,False,False,True,False,False,False,False,True,False,False
1083,1,33,223,18.583333333333332,12361,9.422382530219219,1.42798494402287,2,1.0986122886681098,2.67,5,3.0,0.0,13.35,0,5.4116460518550396,0,8655.253731343284,False,False,True,False,False,False,False,True,False,True,False,False,False
1084,1,37,5,0.4166666666666667,4011,8.297045149081827,0.4643060572764121,0,0.0,1.08,3,2.5,0.7071067811865476,3.24,1,1.791759469228055,1,8637.698412698413,False,False,False,False,True,False,True,False,True,False,False,False,False
1085,0,32,142,11.833333333333334,8300,9.024131268455035,0.9607928884054402,4,1.6094379124341003,2.9,1,3.0,0.0,2.9,0,4.962844630259907,1,8637.698412698413,False,False,False,False,True,False,False,True,False,False,True,False,False
1086,0,51,3,0.25,7928,8.978282203272398,0.9177308456961843,3,1.3862943611198906,4.17,5,3.0,1.4142135623730951,20.85,0,1.3862943611198906,0,8637.698412698413,False,False,False,False,True,False,False,True,False,False,False,True,False
1087,1,49,75,6.25,7195,8.881280595070423,0.8698173188860033,0,0.0,2.35,5,1.0,0.0,11.75,0,4.330733340286331,0,8270.851851851852,False,True,False,False,False,False,False,True,False,False,False,False,True
1088,1,31,215,17.916666666666668,10946,9.300820725104558,1.2645193105148722,3,1.3862943611198906,3.76,3,2.0,1.4142135623730951,11.28,0,5.375278407684165,0,8655.253731343284,False,False,True,False,False,True,False,False,False,False,False,True,False
1089,1,50,145,12.083333333333334,12909,9.465757483840688,1.4912917759397484,4,1.6094379124341003,1.3,1,1.0,0.0,1.3,1,4.983606621708336,1,8655.253731343284,False,False,True,False,False,False,False,True,True,False,False,False,False
1090,1,50,185,15.416666666666666,6475,8.775858314797526,0.8416105986808367,1,0.6931471805599453,1.02,1,3.0,1.4142135623730951,1.02,1,5.225746673713202,1,7692.581818181819,False,False,False,True,False,False,False,True,False,False,False,False,True
1091,1,22,221,18.416666666666668,8250,9.018089684104343,0.9550049794391423,2,1.0986122886681098,1.08,3,3.0,0.0,3.24,1,5.402677381872279,1,8637.698412698413,False,False,False,False,True,False,True,False,False,False,True,False,False
1092,0,46,25,2.0833333333333335,10021,9.21253795551967,1.2114578669293454,1,0.6931471805599453,2.51,5,1.5,0.7071067811865476,12.549999999999999,0,3.258096538021482,0,8270.851851851852,False,True,False,False,False,False,True,False,False,False,True,False,False
1093,1,50,35,2.9166666666666665,6299,8.748304912379623,0.8187343878132185,2,1.0986122886681098,4.58,4,2.0,1.4142135623730951,18.32,0,3.58351893845611,0,7692.581818181819,False,False,False,True,False,False,False,True,False,False,True,False,False
1094,0,52,228,19.0,3497,8.159946655578548,0.4048063531028704,1,0.6931471805599453,1.6,2,5.0,0.0,3.2,1,5.43372200355424,1,8637.698412698413,False,False,False,False,True,False,True,False,False,False,True,False,False
1095,0,23,68,5.666666666666667,9325,9.140561477368266,1.2120492405712435,3,1.3862943611198906,3.94,4,5.0,0.0,15.76,0,4.23410650459726,0,7692.581818181819,False,False,False,True,False,False,False,True,False,True,False,False,False
1096,1,53,123,10.25,8316,9.026056891868688,1.0053371541148024,3,1.3862943611198906,3.96,1,4.0,1.4142135623730951,3.96,0,4.820281565605037,1,8270.851851851852,False,True,False,False,False,False,True,False,False,True,False,False,False
1097,1,47,165,13.75,11884,9.383032379794294,1.4276761887881204,1,0.6931471805599453,2.26,1,2.5,0.7071067811865476,2.26,0,5.111987788356544,1,8323.016393442624,True,False,False,False,False,True,False,False,False,False,False,True,False
1098,0,55,6,0.5,1640,7.403061091090091,0.1894584020870081,1,0.6931471805599453,2.53,2,3.0,0.0,5.06,0,1.9459101490553132,1,8655.253731343284,False,False,True,False,False,False,False,True,False,False,True,False,False
1099,1,52,85,7.083333333333333,10461,9.255504923930557,1.2109463139288326,2,1.0986122886681098,4.34,1,5.0,0.0,4.34,0,4.454347296253507,1,8637.698412698413,False,False,False,False,True,False,False,True,False,False,False,True,False
1100,0,30,200,16.666666666666668,6701,8.810161268297255,0.8709857330903917,3,1.3862943611198906,1.31,2,3.0,2.8284271247461903,2.62,1,5.303304908059076,1,7692.581818181819,False,False,False,True,False,False,True,False,False,False,True,False,False
1101,1,46,84,7.0,6667,8.805075243870684,0.8665664650818746,2,1.0986122886681098,1.12,1,2.0,1.4142135623730951,1.12,1,4.442651256490317,1,7692.581818181819,False,False,False,True,False,False,True,False,False,False,False,False,True
1102,0,28,41,3.4166666666666665,5500,8.612685172875459,0.660738727560978,1,0.6931471805599453,4.68,5,3.0,0.0,23.4,0,3.7376696182833684,0,8323.016393442624,True,False,False,False,False,False,True,False,False,False,False,True,False
1103,1,40,123,10.25,9989,9.2093398716426,1.200021663564838,6,1.9459101490553132,4.56,3,4.0,0.0,13.68,1,4.820281565605037,0,8323.016393442624,True,False,False,False,False,False,False,True,True,False,False,False,False
1104,1,20,97,8.083333333333334,8842,9.087381464575735,1.0689263007074414,0,0.0,3.34,4,2.0,1.4142135623730951,13.36,0,4.584967478670572,0,8270.851851851852,False,True,False,False,False,False,False,True,False,True,False,False,False
1105,1,36,139,11.583333333333334,7484,8.920656296853728,0.9047550819378526,0,0.0,2.7,1,3.0,1.4142135623730951,2.7,0,4.941642422609304,1,8270.851851851852,False,True,False,False,False,False,False,True,False,False,True,False,False
1106,1,27,101,8.416666666666666,2850,7.955425088912672,0.3704386418904069,3,1.3862943611198906,4.02,2,1.5,0.7071067811865476,8.04,0,4.624972813284271,1,7692.581818181819,False,False,False,True,False,False,True,False,False,False,False,False,True
1107,0,24,211,17.583333333333332,8967,9.101417964751995,1.1655169480109748,1,0.6931471805599453,2.09,3,4.5,0.7071067811865476,6.27,0,5.356586274672012,1,7692.581818181819,False,False,False,True,False,False,False,True,False,True,False,False,False
1108,0,29,217,18.083333333333332,7177,8.878776071707552,0.8291115559624738,2,1.0986122886681098,4.85,3,3.0,0.0,14.549999999999999,0,5.384495062789089,0,8655.253731343284,False,False,True,False,False,False,True,False,False,False,False,True,False
1109,0,32,210,17.5,9937,9.204121072162266,1.1937746792315342,0,0.0,2.36,1,3.5,0.7071067811865476,2.36,0,5.351858133476067,1,8323.016393442624,True,False,False,False,False,False,False,True,True,False,False,False,False
1110,0,54,49,4.083333333333333,9715,9.181529290122063,1.1744649413450343,0,0.0,4.94,1,2.0,0.0,4.94,0,3.912023005428146,1,8270.851851851852,False,True,False,False,False,False,False,True,False,True,False,False,False
1111,0,35,234,19.5,9957,9.206131527202128,1.150266652183134,1,0.6931471805599453,2.79,4,4.5,0.7071067811865476,11.16,0,5.459585514144159,0,8655.253731343284,False,False,True,False,False,True,False,False,False,False,False,False,True
1112,0,42,70,5.833333333333333,11237,9.327056171672144,1.3584624339571953,3,1.3862943611198906,3.41,4,3.5,2.1213203435596424,13.64,0,4.2626798770413155,0,8270.851851851852,False,True,False,False,False,False,False,True,False,False,True,False,False
1113,1,28,43,3.5833333333333335,10226,9.232786560806012,1.1813424510620394,1,0.6931471805599453,1.29,2,3.0,1.4142135623730951,2.58,1,3.784189633918261,1,8655.253731343284,False,False,True,False,False,False,False,True,True,False,False,False,False
1114,1,32,94,7.833333333333333,10037,9.214133170214879,1.3045939118084258,2,1.0986122886681098,2.1,3,4.0,1.4142135623730951,6.300000000000001,0,4.553876891600541,1,7692.581818181819,False,False,False,True,False,False,True,False,False,True,False,False,False
1115,1,54,17,1.4166666666666667,3115,8.044305406990638,0.35985544054940866,2,1.0986122886681098,2.73,3,4.5,0.7071067811865476,8.19,0,2.8903717578961645,0,8655.253731343284,False,False,True,False,False,True,False,False,False,False,True,False,False
1116,1,32,40,3.3333333333333335,11733,9.370245889485805,1.3554362388334549,1,0.6931471805599453,3.05,4,3.0,2.8284271247461903,12.2,0,3.713572066704308,0,8655.253731343284,False,False,True,False,False,True,False,False,False,False,False,True,False
1117,0,34,139,11.583333333333334,13404,9.50338305067006,1.620435210889227,0,0.0,4.44,3,3.0,0.0,13.32,0,4.941642422609304,0,8270.851851851852,False,True,False,False,False,True,False,False,True,False,False,False,False
1118,0,29,220,18.333333333333332,6472,8.77539495854551,0.7775092808681181,1,0.6931471805599453,2.61,1,2.5,0.7071067811865476,2.61,0,5.3981627015177525,1,8323.016393442624,True,False,False,False,False,True,False,False,False,False,True,False,False
1119,0,44,158,13.166666666666666,4824,8.481566013773087,0.5584174570684148,2,1.0986122886681098,2.48,1,2.5,0.7071067811865476,2.48,0,5.0689042022202315,1,8637.698412698413,False,False,False,False,True,False,False,True,False,False,False,True,False
1120,1,51,193,16.083333333333332,12023,9.39465993143281,1.3889380294464013,0,0.0,4.11,2,3.0,2.8284271247461903,8.22,0,5.267858159063328,1,8655.253731343284,False,False,True,False,False,False,True,False,False,False,False,False,True
1121,1,21,161,13.416666666666666,14152,9.55768189473384,1.6348873819117917,2,1.0986122886681098,2.36,1,3.0,1.4142135623730951,2.36,0,5.087596335232384,1,8655.253731343284,False,False,True,False,False,True,False,False,False,False,False,False,True
1122,1,46,171,14.25,10164,9.226705726062447,1.1741799992758233,4,1.6094379124341003,2.92,5,3.0,0.0,14.6,0,5.147494476813453,0,8655.253731343284,False,False,True,False,False,False,False,True,False,True,False,False,False
1123,0,21,55,4.583333333333333,13876,9.53798807237101,1.6030029191215391,0,0.0,2.5,2,1.0,0.0,5.0,0,4.02535169073515,1,8655.253731343284,False,False,True,False,False,False,False,True,False,False,True,False,False
1124,0,25,213,17.75,11633,9.361687124470707,1.3466149000988537,2,1.0986122886681098,1.47,4,3.5,2.1213203435596424,5.88,1,5.365976015021851,1,8637.698412698413,False,False,False,False,True,False,True,False,False,False,True,False,False
1125,1,25,114,9.5,11232,9.326611153641569,1.3001958701891452,2,1.0986122886681098,2.43,4,4.0,1.4142135623730951,9.72,0,4.74493212836325,0,8637.698412698413,False,False,False,False,True,False,True,False,False,False,True,False,False
1126,0,48,45,3.75,2725,7.9105906122564775,0.3148013083457909,1,0.6931471805599453,2.32,4,2.5,2.1213203435596424,9.28,0,3.828641396489095,0,8655.253731343284,False,False,True,False,False,True,False,False,False,False,False,True,False
1127,0,31,230,19.166666666666668,4197,8.342363500380579,0.5455196421101887,1,0.6931471805599453,1.06,3,2.0,1.4142135623730951,3.18,1,5.442417710521793,1,7692.581818181819,False,False,False,True,False,False,True,False,False,False,True,False,False
1128,1,43,119,9.916666666666666,9498,9.158941808890182,1.097241404281953,2,1.0986122886681098,2.3,1,4.0,1.4142135623730951,2.3,0,4.787491742782046,1,8655.253731343284,False,False,True,False,False,True,False,False,True,False,False,False,False
1129,0,52,78,6.5,11685,9.366146823114383,1.4126220112832453,3,1.3862943611198906,3.04,2,5.0,0.0,6.08,0,4.3694478524670215,1,8270.851851851852,False,True,False,False,False,False,False,True,False,True,False,False,False
1130,1,50,113,9.416666666666666,3201,8.07153089355666,0.3697904543173859,2,1.0986122886681098,2.01,2,4.5,0.7071067811865476,4.02,0,4.736198448394496,1,8655.253731343284,False,False,True,False,False,False,False,True,False,True,False,False,False
1131,0,51,178,14.833333333333334,12938,9.468001285315953,1.5640995791170411,2,1.0986122886681098,2.6,4,4.0,1.4142135623730951,10.4,0,5.187385805840755,0,8270.851851851852,False,True,False,False,False,False,True,False,False,True,False,False,False
1132,0,20,22,1.8333333333333333,8309,9.025214887849494,0.9598840627688721,1,0.6931471805599453,2.7,2,2.5,0.7071067811865476,5.4,0,3.1354942159291497,1,8655.253731343284,False,False,True,False,False,True,False,False,False,False,False,False,True
1133,0,28,188,15.666666666666666,11726,9.369649154461065,1.408694967160005,3,1.3862943611198906,4.61,5,3.0,0.0,23.05,0,5.241747015059643,0,8323.016393442624,True,False,False,False,False,False,True,False,False,True,False,False,False
1134,0,23,208,17.333333333333332,5791,8.664232934065552,0.6703556164766149,2,1.0986122886681098,1.32,3,2.5,2.1213203435596424,3.96,1,5.342334251964811,1,8637.698412698413,False,False,False,False,True,False,True,False,False,False,False,False,True
1135,0,55,229,19.083333333333332,12239,9.412464556066316,1.4795961314587625,2,1.0986122886681098,4.71,4,3.5,2.1213203435596424,18.84,0,5.438079308923196,0,8270.851851851852,False,True,False,False,False,False,False,True,False,False,False,True,False
1136,1,34,196,16.333333333333332,7469,8.918650278126863,0.9708091986945434,2,1.0986122886681098,2.76,3,2.0,1.4142135623730951,8.28,0,5.2832037287379885,0,7692.581818181819,False,False,False,True,False,False,True,False,False,False,False,True,False
1137,1,32,86,7.166666666666667,2201,7.697121317282625,0.25426703841067366,0,0.0,2.91,3,3.0,0.0,8.73,0,4.465908118654584,0,8655.253731343284,False,False,True,False,False,False,False,True,False,False,True,False,False
1138,0,30,228,19.0,5678,8.644530439877432,0.6572749422127818,2,1.0986122886681098,1.85,4,4.5,0.7071067811865476,7.4,1,5.43372200355424,1,8637.698412698413,False,False,False,False,True,False,False,True,False,False,True,False,False
1139,1,49,206,17.166666666666668,6741,8.816111895794005,0.7787433466271473,2,1.0986122886681098,2.59,3,1.0,0.0,7.77,0,5.332718793265369,0,8655.253731343284,False,False,True,False,False,True,False,False,False,False,False,True,False
1140,1,52,128,10.666666666666666,8060,8.9947928972836,1.0476264749602384,2,1.0986122886681098,3.96,3,5.0,0.0,11.879999999999999,0,4.859812404361672,0,7692.581818181819,False,False,False,True,False,False,True,False,False,False,True,False,False
1141,0,57,26,2.1666666666666665,9060,9.11173476822206,1.0487691046931673,2,1.0986122886681098,1.1,3,3.5,2.1213203435596424,3.3000000000000003,1,3.295836866004329,1,8637.698412698413,False,False,False,False,True,True,False,False,False,False,False,True,False
1142,0,42,218,18.166666666666668,10995,9.305286849285137,1.2701799578943012,2,1.0986122886681098,1.47,1,3.5,2.1213203435596424,1.47,1,5.389071729816501,1,8655.253731343284,False,False,True,False,False,False,True,False,False,False,False,False,True
1143,0,38,124,10.333333333333334,14363,9.572480355345974,1.659262822668108,2,1.0986122886681098,2.48,5,4.5,0.7071067811865476,12.4,0,4.8283137373023015,0,8655.253731343284,False,False,True,False,False,True,False,False,False,False,False,True,False
1144,0,42,129,10.75,12543,9.436997742590188,1.5068447017813358,3,1.3862943611198906,4.98,1,2.0,0.0,4.98,0,4.867534450455582,1,8323.016393442624,True,False,False,False,False,True,False,False,False,False,False,True,False
1145,1,48,232,19.333333333333332,4403,8.390268497842571,0.5722952071029689,1,0.6931471805599453,2.8,4,3.5,2.1213203435596424,11.2,0,5.4510384535657,0,7692.581818181819,False,False,False,True,False,True,False,False,True,False,False,False,False
1146,1,53,45,3.75,12678,9.447702360527948,1.5230628341851051,4,1.6094379124341003,4.99,4,2.0,1.4142135623730951,19.96,0,3.828641396489095,0,8323.016393442624,True,False,False,False,False,True,False,False,False,False,True,False,False
1147,0,51,74,6.166666666666667,3488,8.157370441186774,0.419028487587762,2,1.0986122886681098,4.88,1,2.5,0.7071067811865476,4.88,0,4.31748811353631,1,8323.016393442624,True,False,False,False,False,False,False,True,False,True,False,False,False
1148,0,22,122,10.166666666666666,4242,8.353025845202325,0.49005033027627337,1,0.6931471805599453,2.36,4,3.0,0.0,9.44,0,4.812184355372417,0,8655.253731343284,False,False,True,False,False,False,True,False,False,True,False,False,False
1149,0,42,136,11.333333333333334,9682,9.17812704961153,1.1207706922339122,3,1.3862943611198906,3.81,3,3.5,2.1213203435596424,11.43,0,4.919980925828125,0,8637.698412698413,False,False,False,False,True,False,True,False,False,True,False,False,False
1150,1,37,50,4.166666666666667,10580,9.266815218904162,1.2790364466732336,3,1.3862943611198906,4.7,1,4.0,1.4142135623730951,4.7,0,3.9318256327243257,1,8270.851851851852,False,True,False,False,False,False,False,True,False,True,False,False,False
1151,0,32,212,17.666666666666668,11509,9.350971501715929,1.332260885862435,1,0.6931471805599453,4.03,3,3.5,2.1213203435596424,12.09,0,5.3612921657094255,0,8637.698412698413,False,False,False,False,True,False,False,True,False,False,False,True,False
1152,0,36,68,5.666666666666667,7398,8.90910013492555,0.8887536557265664,1,0.6931471805599453,2.11,1,1.5,0.7071067811865476,2.11,0,4.23410650459726,1,8323.016393442624,True,False,False,False,False,False,False,True,False,True,False,False,False
1153,1,51,109,9.083333333333334,5605,8.631592731724734,0.7285293290511335,4,1.6094379124341003,2.09,4,2.5,0.7071067811865476,8.36,0,4.700480365792417,1,7692.581818181819,False,False,False,True,False,False,True,False,False,True,False,False,False
1154,0,30,166,13.833333333333334,4490,8.409830673087738,0.539403070317962,1,0.6931471805599453,2.75,4,2.5,0.7071067811865476,11.0,0,5.117993812416755,0,8323.016393442624,True,False,False,False,False,True,False,False,False,False,True,False,False
1155,0,24,154,12.833333333333334,6727,8.814033201652784,0.874365173332199,1,0.6931471805599453,3.29,2,3.0,1.4142135623730951,6.58,0,5.043425116919247,1,7692.581818181819,False,False,False,True,False,False,False,True,False,True,False,False,False
1156,0,25,66,5.5,5547,8.621192781434722,0.7209905777424866,5,1.791759469228055,3.35,4,3.5,0.7071067811865476,13.4,0,4.204692619390966,0,7692.581818181819,False,False,False,True,False,False,True,False,True,False,False,False,False
1157,0,56,171,14.25,7434,8.913953858894255,0.8987104862541416,0,0.0,4.82,5,2.0,1.4142135623730951,24.1,0,5.147494476813453,0,8270.851851851852,False,True,False,False,False,False,False,True,False,False,False,True,False
1158,0,55,25,2.0833333333333335,13698,9.52507811645139,1.7804450935490503,4,1.6094379124341003,2.68,2,2.5,0.7071067811865476,5.36,0,3.258096538021482,1,7692.581818181819,False,False,False,True,False,False,True,False,True,False,False,False,False
1159,1,34,30,2.5,12732,9.451952327573435,1.4708441313242604,3,1.3862943611198906,1.57,4,3.0,1.4142135623730951,6.28,1,3.4339872044851463,1,8655.253731343284,False,False,True,False,False,False,False,True,False,False,False,False,True
1160,1,34,142,11.833333333333334,3421,8.137980454452139,0.41097948854292826,2,1.0986122886681098,1.81,3,4.5,0.7071067811865476,5.43,1,4.962844630259907,1,8323.016393442624,True,False,False,False,False,False,True,False,True,False,False,False,False
1161,0,46,79,6.583333333333333,6342,8.755107121633896,0.8243234620592843,1,0.6931471805599453,2.76,1,3.0,1.4142135623730951,2.76,0,4.382026634673881,1,7692.581818181819,False,False,False,True,False,False,False,True,False,False,False,True,False
1162,0,52,14,1.1666666666666667,11066,9.311722986264785,1.2783821204236778,3,1.3862943611198906,2.16,3,4.0,0.0,6.48,0,2.70805020110221,1,8655.253731343284,False,False,True,False,False,False,True,False,False,False,False,False,True
1163,0,54,145,12.083333333333334,11204,9.324115386235027,1.345984855198763,2,1.0986122886681098,3.85,3,4.0,0.0,11.55,0,4.983606621708336,0,8323.016393442624,True,False,False,False,False,False,True,False,False,False,False,False,True
1164,0,57,222,18.5,12258,9.414015640094995,1.4189637621775766,2,1.0986122886681098,1.5,5,3.0,1.4142135623730951,7.5,1,5.407171771460119,1,8637.698412698413,False,False,False,False,True,False,True,False,False,False,False,True,False
1165,0,56,194,16.166666666666668,9356,9.143880005275912,1.13106474433599,2,1.0986122886681098,3.0,1,2.0,1.4142135623730951,3.0,0,5.272999558563747,1,8270.851851851852,False,True,False,False,False,False,True,False,False,True,False,False,False
1166,0,35,50,4.166666666666667,8939,9.09829086816756,1.1618775508274901,2,1.0986122886681098,4.49,4,3.0,1.4142135623730951,17.96,0,3.9318256327243257,0,7692.581818181819,False,False,False,True,False,False,True,False,False,False,False,False,True
1167,1,25,170,14.166666666666666,13199,9.487972108574462,1.7155858366005194,4,1.6094379124341003,3.84,3,1.0,0.0,11.52,0,5.14166355650266,0,7692.581818181819,False,False,False,True,False,True,False,False,False,False,False,True,False
1168,1,54,205,17.083333333333332,1595,7.3752557780097545,0.1928226023103788,4,1.6094379124341003,3.87,5,3.0,1.4142135623730951,19.35,0,5.327876168789581,0,8270.851851851852,False,True,False,False,False,False,False,True,False,False,True,False,False
1169,1,20,74,6.166666666666667,6239,8.738735461363474,0.7222152808146435,3,1.3862943611198906,3.03,1,1.0,0.0,3.03,0,4.31748811353631,1,8637.698412698413,False,False,False,False,True,True,False,False,False,False,False,True,False
1170,1,38,218,18.166666666666668,10391,9.248791558350435,1.2028432413760155,1,0.6931471805599453,2.95,4,1.5,0.7071067811865476,11.8,0,5.389071729816501,0,8637.698412698413,False,False,False,False,True,True,False,False,True,False,False,False,False
1171,0,32,186,15.5,2782,7.931284761525891,0.33632130384167636,5,1.791759469228055,2.05,4,3.0,1.4142135623730951,8.2,0,5.231108616854587,1,8270.851851851852,False,True,False,False,False,True,False,False,True,False,False,False,False
1172,1,56,214,17.833333333333332,4771,8.470520783217808,0.5522822735641392,1,0.6931471805599453,3.64,4,3.5,0.7071067811865476,14.56,0,5.3706380281276624,0,8637.698412698413,False,False,False,False,True,True,False,False,False,False,False,False,True
1173,0,20,89,7.416666666666667,1549,7.346010209913293,0.1789457712394973,3,1.3862943611198906,2.72,2,2.5,0.7071067811865476,5.44,0,4.499809670330265,1,8655.253731343284,False,False,True,False,False,False,False,True,False,False,False,True,False
1174,1,50,98,8.166666666666666,1527,7.331714969726466,0.1764042560895496,3,1.3862943611198906,2.76,2,2.5,2.1213203435596424,5.52,0,4.59511985013459,1,8655.253731343284,False,False,True,False,False,True,False,False,False,False,False,False,True
1175,0,33,44,3.6666666666666665,5992,8.698347400458186,0.71984481009916,1,0.6931471805599453,1.93,1,2.0,1.4142135623730951,1.93,1,3.8066624897703196,1,8323.016393442624,True,False,False,False,False,False,False,True,False,False,False,True,False
1176,1,44,44,3.6666666666666665,14046,9.55016412883091,1.6980478194680755,4,1.6094379124341003,3.79,5,3.0,2.8284271247461903,18.95,0,3.8066624897703196,0,8270.851851851852,False,True,False,False,False,True,False,False,False,False,True,False,False
1177,0,38,65,5.416666666666667,6202,8.732788324973118,0.7497716486075042,1,0.6931471805599453,1.62,5,3.5,0.7071067811865476,8.100000000000001,1,4.189654742026425,1,8270.851851851852,False,True,False,False,False,True,False,False,False,True,False,False,False
1178,1,37,176,14.666666666666666,8110,9.000976444070345,0.9804334198979134,0,0.0,4.98,3,3.5,0.7071067811865476,14.940000000000001,0,5.176149732573829,0,8270.851851851852,False,True,False,False,False,True,False,False,False,False,False,False,True
1179,0,49,193,16.083333333333332,5997,8.699181359308954,0.6927939251925533,3,1.3862943611198906,1.96,2,2.5,2.1213203435596424,3.92,1,5.267858159063328,1,8655.253731343284,False,False,True,False,False,True,False,False,False,False,False,False,True
1180,1,41,136,11.333333333333334,9256,9.133135301067211,1.0714577078410548,1,0.6931471805599453,4.82,1,3.0,0.0,4.82,0,4.919980925828125,1,8637.698412698413,False,False,False,False,True,True,False,False,False,False,False,False,True
1181,1,38,217,18.083333333333332,6050,8.707978826622321,0.7313960777290229,3,1.3862943611198906,2.16,4,4.0,1.4142135623730951,8.64,0,5.384495062789089,1,8270.851851851852,False,True,False,False,False,False,False,True,False,False,False,True,False
1182,0,39,214,17.833333333333332,13536,9.513181956185786,1.6261380756846178,0,0.0,4.04,4,3.0,0.0,16.16,0,5.3706380281276624,0,8323.016393442624,True,False,False,False,False,True,False,False,False,True,False,False,False
1183,1,43,207,17.25,14483,9.580799870885532,1.750877585743709,5,1.791759469228055,4.6,5,3.0,2.8284271247461903,23.0,0,5.337538079701318,0,8270.851851851852,False,True,False,False,False,False,False,True,False,False,False,False,True
1184,1,44,163,13.583333333333334,6418,8.767017621311778,0.7710220279066102,3,1.3862943611198906,4.64,5,2.5,2.1213203435596424,23.2,0,5.099866427824199,0,8323.016393442624,True,False,False,False,False,False,False,True,False,False,False,True,False
1185,1,52,2,0.16666666666666666,2371,7.771488760117616,0.28663472732157247,2,1.0986122886681098,4.84,4,4.5,0.7071067811865476,19.36,0,1.0986122886681098,1,8270.851851851852,False,True,False,False,False,False,True,False,False,True,False,False,False
1186,0,31,49,4.083333333333333,5696,8.647694999480395,0.6593585894406491,1,0.6931471805599453,3.38,1,4.0,1.4142135623730951,3.38,0,3.912023005428146,1,8637.698412698413,False,False,False,False,True,True,False,False,False,False,False,False,True
1187,1,48,223,18.583333333333332,10247,9.234837843576571,1.2387794394197187,4,1.6094379124341003,4.69,4,3.5,2.1213203435596424,18.76,0,5.4116460518550396,0,8270.851851851852,False,True,False,False,False,False,False,True,False,True,False,False,False
1188,0,46,191,15.916666666666666,8551,9.053920452704881,0.9878407294182965,2,1.0986122886681098,2.59,2,3.0,0.0,5.18,0,5.2574953720277815,1,8655.253731343284,False,False,True,False,False,False,False,True,False,False,False,False,True
1189,1,32,100,8.333333333333334,6406,8.765146421639022,0.7695804161373864,3,1.3862943611198906,2.05,1,3.5,0.7071067811865476,2.05,0,4.61512051684126,1,8323.016393442624,True,False,False,False,False,True,False,False,False,False,False,True,False
1190,0,31,173,14.416666666666666,7552,8.929700114313448,0.8742057702696246,4,1.6094379124341003,4.1,4,2.5,2.1213203435596424,16.4,0,5.159055299214529,0,8637.698412698413,False,False,False,False,True,False,False,True,True,False,False,False,False
1191,1,50,97,8.083333333333334,12949,9.468851067127684,1.4989526640918127,2,1.0986122886681098,2.74,5,3.0,2.8284271247461903,13.700000000000001,0,4.584967478670572,0,8637.698412698413,False,False,False,False,True,True,False,False,False,False,False,True,False
1192,1,34,183,15.25,11110,9.315690887584008,1.3346922296731756,2,1.0986122886681098,4.92,2,1.5,0.7071067811865476,9.84,0,5.214935757608986,1,8323.016393442624,True,False,False,False,False,True,False,False,False,False,False,False,True
1193,1,54,159,13.25,7385,8.90734159541251,0.8871919096432404,3,1.3862943611198906,3.89,2,1.0,0.0,7.78,0,5.075173815233827,1,8323.016393442624,True,False,False,False,False,False,True,False,False,False,True,False,False
1194,0,26,99,8.25,12025,9.394826251599515,1.4446151270765017,1,0.6931471805599453,4.24,4,4.5,0.7071067811865476,16.96,0,4.605170185988092,0,8323.016393442624,True,False,False,False,False,False,True,False,False,False,True,False,False
1195,0,40,82,6.833333333333333,1588,7.370860166536716,0.19077329079396962,1,0.6931471805599453,3.37,3,2.0,1.4142135623730951,10.11,0,4.418840607796598,0,8323.016393442624,True,False,False,False,False,True,False,False,False,False,True,False,False
1196,0,20,187,15.583333333333334,9177,9.124564594954778,1.1094250917883048,1,0.6931471805599453,1.03,1,2.5,0.7071067811865476,1.03,1,5.236441962829949,1,8270.851851851852,False,True,False,False,False,True,False,False,False,False,False,False,True
1197,1,24,16,1.3333333333333333,12782,9.455871442168021,1.5355568028517128,2,1.0986122886681098,1.84,2,1.5,0.7071067811865476,3.68,1,2.833213344056216,1,8323.016393442624,True,False,False,False,False,False,False,True,False,False,False,False,True
1198,0,57,94,7.833333333333333,10302,9.240190393945069,1.2376237038787627,0,0.0,2.05,3,4.0,1.4142135623730951,6.1499999999999995,0,4.553876891600541,1,8323.016393442624,True,False,False,False,False,False,True,False,True,False,False,False,False
1199,0,29,99,8.25,13125,9.482350275033667,1.519326103653181,1,0.6931471805599453,1.55,1,4.5,0.7071067811865476,1.55,1,4.605170185988092,1,8637.698412698413,False,False,False,False,True,True,False,False,False,False,True,False,False
1200,1,44,5,0.4166666666666667,2346,7.760893195851024,0.27156868869869427,2,1.0986122886681098,1.94,5,4.0,1.4142135623730951,9.7,1,1.791759469228055,1,8637.698412698413,False,False,False,False,True,False,True,False,False,False,False,False,True
1201,0,57,178,14.833333333333334,3314,8.106212902619962,0.40063580191636067,0,0.0,1.48,4,3.0,2.8284271247461903,5.92,1,5.187385805840755,1,8270.851851851852,False,True,False,False,False,False,False,True,False,False,False,True,False
1202,0,22,108,9.0,3314,8.106212902619962,0.38362260628622036,1,0.6931471805599453,3.63,5,2.5,0.7071067811865476,18.15,0,4.6913478822291435,0,8637.698412698413,False,False,False,False,True,False,True,False,False,False,False,False,True
1203,0,21,60,5.0,6585,8.792701462936309,0.7910844583616436,2,1.0986122886681098,2.81,4,4.0,1.4142135623730951,11.24,0,4.110873864173311,0,8323.016393442624,True,False,False,False,False,False,False,True,False,False,False,True,False
1204,0,21,83,6.916666666666667,14350,9.571574905170932,1.8651910565359082,3,1.3862943611198906,1.99,1,4.0,0.0,1.99,1,4.430816798843313,1,7692.581818181819,False,False,False,True,False,False,False,True,True,False,False,False,False
1205,1,46,157,13.083333333333334,2699,7.90100705199242,0.31179769953221637,0,0.0,2.47,3,3.5,2.1213203435596424,7.41,0,5.062595033026967,0,8655.253731343284,False,False,True,False,False,False,True,False,False,False,True,False,False
1206,0,49,163,13.583333333333334,11255,9.328656598794225,1.3002160460300463,0,0.0,3.6,4,2.0,1.4142135623730951,14.4,0,5.099866427824199,0,8655.253731343284,False,False,True,False,False,False,False,True,False,False,False,False,True
1207,0,53,171,14.25,9787,9.188912424562563,1.272099294098741,1,0.6931471805599453,4.62,2,3.0,0.0,9.24,0,5.147494476813453,1,7692.581818181819,False,False,False,True,False,True,False,False,False,False,False,True,False
1208,0,28,216,18.0,4279,8.361708288575842,0.5561778767189652,2,1.0986122886681098,2.84,1,3.0,2.8284271247461903,2.84,0,5.37989735354046,1,7692.581818181819,False,False,False,True,False,True,False,False,False,False,False,True,False
1209,0,51,172,14.333333333333334,2909,7.975908360165538,0.3494707197227063,5,1.791759469228055,2.77,5,2.5,2.1213203435596424,13.85,0,5.153291594497779,0,8323.016393442624,True,False,False,False,False,False,True,False,False,True,False,False,False
1210,1,38,189,15.75,11714,9.368625350941896,1.3559913126242562,2,1.0986122886681098,1.72,4,4.0,0.0,6.88,1,5.247024072160486,1,8637.698412698413,False,False,False,False,True,True,False,False,True,False,False,False,False
1211,1,47,49,4.083333333333333,8684,9.069352678675205,1.0432463836617332,2,1.0986122886681098,2.48,2,4.5,0.7071067811865476,4.96,0,3.912023005428146,1,8323.016393442624,True,False,False,False,False,False,True,False,False,False,False,True,False
1212,1,23,173,14.416666666666666,9477,9.156728602527533,1.094815412547912,2,1.0986122886681098,3.57,4,1.5,0.7071067811865476,14.28,0,5.159055299214529,0,8655.253731343284,False,False,True,False,False,False,False,True,False,False,False,True,False
1213,0,47,201,16.75,13443,9.506288188844996,1.7473005834851718,4,1.6094379124341003,3.82,2,2.0,1.4142135623730951,7.64,0,5.308267697401205,1,7692.581818181819,False,False,False,True,False,False,True,False,False,False,True,False,False
1214,0,24,91,7.583333333333333,9166,9.123365357961776,1.0610394717017186,0,0.0,2.7,5,2.0,0.0,13.5,0,4.5217885770490405,0,8637.698412698413,False,False,False,False,True,False,False,True,True,False,False,False,False
1215,1,48,109,9.083333333333334,6801,8.82497196556714,0.7872713775958312,2,1.0986122886681098,4.57,5,3.0,1.4142135623730951,22.85,0,4.700480365792417,0,8637.698412698413,False,False,False,False,True,True,False,False,False,False,True,False,False
1216,0,44,88,7.333333333333333,9426,9.15133319139615,1.0911365983264674,1,0.6931471805599453,3.35,1,4.5,0.7071067811865476,3.35,0,4.48863636973214,1,8637.698412698413,False,False,False,False,True,True,False,False,False,True,False,False,False
1217,0,30,137,11.416666666666666,1522,7.328437352895162,0.1828444260632379,4,1.6094379124341003,4.56,2,3.0,1.4142135623730951,9.12,0,4.927253685157205,1,8323.016393442624,True,False,False,False,False,False,False,True,False,False,False,False,True
1218,1,26,227,18.916666666666668,14692,9.595126468875947,1.765013342786525,1,0.6931471805599453,4.54,4,3.0,2.8284271247461903,18.16,0,5.429345628954441,0,8323.016393442624,True,False,False,False,False,False,True,False,True,False,False,False,False
1219,1,27,33,2.75,10693,9.277438115508676,1.2378022115324545,4,1.6094379124341003,4.55,5,3.0,2.8284271247461903,22.75,0,3.5263605246161616,0,8637.698412698413,False,False,False,False,True,False,True,False,False,False,False,True,False
1220,1,39,94,7.833333333333333,6082,8.713253274320705,0.7040412466604683,2,1.0986122886681098,1.23,4,3.0,0.0,4.92,1,4.553876891600541,1,8637.698412698413,False,False,False,False,True,False,True,False,False,True,False,False,False
1221,1,51,117,9.75,1764,7.475905969367397,0.21191693007592094,2,1.0986122886681098,3.47,2,4.5,0.7071067811865476,6.94,0,4.770684624465665,1,8323.016393442624,True,False,False,False,False,False,True,False,False,False,False,False,True
1222,0,30,62,5.166666666666667,7205,8.882669291308039,0.8655677331048811,1,0.6931471805599453,4.93,3,5.0,0.0,14.79,0,4.143134726391533,0,8323.016393442624,True,False,False,False,False,False,False,True,False,True,False,False,False
1223,0,26,35,2.9166666666666665,14210,9.561771591591862,1.644923728221844,3,1.3862943611198906,2.0,2,2.5,2.1213203435596424,4.0,0,3.58351893845611,1,8637.698412698413,False,False,False,False,True,False,False,True,False,True,False,False,False
1224,0,58,171,14.25,11911,9.385301574363845,1.4309198152688742,3,1.3862943611198906,3.62,3,2.5,0.7071067811865476,10.86,0,5.147494476813453,0,8323.016393442624,True,False,False,False,False,False,True,False,False,False,True,False,False
1225,1,21,98,8.166666666666666,8545,9.05321861620397,0.9871475889228561,0,0.0,3.12,5,2.0,0.0,15.600000000000001,0,4.59511985013459,0,8655.253731343284,False,False,True,False,False,True,False,False,False,False,True,False,False
1226,0,38,102,8.5,4897,8.496582237512113,0.6365045716973061,5,1.791759469228055,4.58,5,3.0,2.8284271247461903,22.9,0,4.634728988229636,0,7692.581818181819,False,False,False,True,False,True,False,False,False,False,False,False,True
1227,0,51,196,16.333333333333332,2867,7.961370201719511,0.34659711650398495,0,0.0,3.27,1,3.0,1.4142135623730951,3.27,0,5.2832037287379885,1,8270.851851851852,False,True,False,False,False,True,False,False,False,False,False,False,True
1228,0,21,40,3.3333333333333335,14010,9.547598014371232,1.6184830568530386,2,1.0986122886681098,4.11,4,4.0,1.4142135623730951,16.44,0,3.713572066704308,0,8655.253731343284,False,False,True,False,False,False,True,False,False,False,True,False,False
1229,0,34,91,7.583333333333333,14103,9.554213724077707,1.704938658547506,2,1.0986122886681098,3.12,1,4.0,1.4142135623730951,3.12,0,4.5217885770490405,1,8270.851851851852,False,True,False,False,False,False,False,True,True,False,False,False,False
1230,1,36,79,6.583333333333333,1569,7.358830898342354,0.2039362207459819,2,1.0986122886681098,1.25,3,2.5,2.1213203435596424,3.75,1,4.382026634673881,1,7692.581818181819,False,False,False,True,False,True,False,False,False,False,True,False,False
1231,1,47,116,9.666666666666666,8409,9.037176752966994,0.9714364043595433,4,1.6094379124341003,1.01,4,2.0,1.4142135623730951,4.04,1,4.762173934797756,1,8655.253731343284,False,False,True,False,False,False,False,True,False,True,False,False,False
1232,0,54,192,16.0,13794,9.532061486651386,1.5935299990171887,1,0.6931471805599453,4.29,5,2.0,1.4142135623730951,21.45,0,5.262690188904886,0,8655.253731343284,False,False,True,False,False,False,False,True,False,True,False,False,False
1233,0,38,92,7.666666666666667,3571,8.18088094199639,0.4133724583729912,2,1.0986122886681098,2.84,3,3.5,0.7071067811865476,8.52,0,4.532599493153256,0,8637.698412698413,False,False,False,False,True,True,False,False,True,False,False,False,False
1234,0,51,4,0.3333333333333333,5663,8.641885635373555,0.7360680803597803,2,1.0986122886681098,1.32,5,1.5,0.7071067811865476,6.6000000000000005,1,1.6094379124341003,1,7692.581818181819,False,False,False,True,False,False,False,True,False,False,True,False,False
1235,1,48,171,14.25,10122,9.222565341598752,1.3156420818297188,2,1.0986122886681098,3.92,1,2.5,2.1213203435596424,3.92,0,5.147494476813453,1,7692.581818181819,False,False,False,True,False,True,False,False,False,True,False,False,False
1236,1,45,6,0.5,5069,8.531096096585228,0.6588608686815692,1,0.6931471805599453,2.54,5,2.5,2.1213203435596424,12.7,0,1.9459101490553132,0,7692.581818181819,False,False,False,True,False,True,False,False,False,True,False,False,False
1237,1,57,144,12.0,14291,9.5674552191433,1.6543001407472464,0,0.0,2.69,2,2.5,0.7071067811865476,5.38,0,4.976733742420574,1,8637.698412698413,False,False,False,False,True,False,False,True,False,False,False,True,False
1238,1,42,162,13.5,13719,9.526609901279876,1.7831746414366638,0,0.0,1.53,1,2.0,0.0,1.53,1,5.093750200806762,1,7692.581818181819,False,False,False,True,False,False,True,False,False,True,False,False,False
1239,1,23,234,19.5,8210,9.01322999770879,1.0671232455860493,1,0.6931471805599453,4.26,2,2.5,0.7071067811865476,8.52,0,5.459585514144159,1,7692.581818181819,False,False,False,True,False,False,False,True,True,False,False,False,False
1240,0,43,91,7.583333333333333,13616,9.519074291124575,1.6460642965881616,6,1.9459101490553132,1.49,1,2.5,0.7071067811865476,1.49,2,4.5217885770490405,1,8270.851851851852,False,True,False,False,False,False,True,False,True,False,False,False,False
1241,0,53,223,18.583333333333332,3635,8.19863945529737,0.4394421062057849,2,1.0986122886681098,4.64,5,3.5,0.7071067811865476,23.2,0,5.4116460518550396,0,8270.851851851852,False,True,False,False,False,False,False,True,False,False,True,False,False
1242,0,42,218,18.166666666666668,4316,8.370315995555478,0.4985990630533701,8,2.1972245773362196,4.75,5,4.0,1.4142135623730951,23.75,1,5.389071729816501,0,8655.253731343284,False,False,True,False,False,False,True,False,False,False,False,True,False
1243,1,53,30,2.5,11771,9.373479109353363,1.4141010112945949,4,1.6094379124341003,3.31,4,2.0,1.4142135623730951,13.24,0,3.4339872044851463,0,8323.016393442624,True,False,False,False,False,False,False,True,False,True,False,False,False
1244,0,36,226,18.833333333333332,1709,7.444248649496705,0.20530954280031116,1,0.6931471805599453,1.93,4,3.0,2.8284271247461903,7.72,1,5.424950017481403,1,8323.016393442624,True,False,False,False,False,False,False,True,False,False,False,False,True
1245,0,49,104,8.666666666666666,13367,9.50061907027523,1.5473395830500625,5,1.791759469228055,3.22,1,4.5,0.7071067811865476,3.22,0,4.653960350157523,1,8637.698412698413,False,False,False,False,True,False,False,True,False,False,False,True,False
1246,1,33,139,11.583333333333334,1538,7.338888133838879,0.17767501366452343,1,0.6931471805599453,2.97,5,3.0,2.8284271247461903,14.850000000000001,0,4.941642422609304,0,8655.253731343284,False,False,True,False,False,False,True,False,False,False,False,False,True
1247,1,46,155,12.916666666666666,5797,8.6652683094816,0.7534851954521714,3,1.3862943611198906,2.64,1,2.5,2.1213203435596424,2.64,0,5.049856007249537,1,7692.581818181819,False,False,False,True,False,False,True,False,False,True,False,False,False
1248,1,21,99,8.25,8524,9.050758302151717,1.024024893405414,0,0.0,3.69,2,4.5,0.7071067811865476,7.38,0,4.605170185988092,1,8323.016393442624,True,False,False,False,False,False,True,False,False,True,False,False,False
1249,0,28,193,16.083333333333332,7226,8.885579291282982,0.8735649682099041,6,1.9459101490553132,2.98,2,3.0,2.8284271247461903,5.96,1,5.267858159063328,1,8270.851851851852,False,True,False,False,False,True,False,False,False,False,False,False,True
1250,1,35,235,19.583333333333332,8611,9.060911858484253,0.9947721343726992,3,1.3862943611198906,4.53,2,2.0,0.0,9.06,0,5.4638318050256105,1,8655.253731343284,False,False,True,False,False,False,True,False,False,False,False,False,True
1251,1,36,189,15.75,14631,9.590966190070702,1.901715006841594,1,0.6931471805599453,3.71,5,3.0,1.4142135623730951,18.55,0,5.247024072160486,0,7692.581818181819,False,False,False,True,False,False,True,False,True,False,False,False,False
1252,0,20,152,12.666666666666666,12978,9.471087945687758,1.5023096512922653,2,1.0986122886681098,2.21,1,4.0,0.0,2.21,0,5.030437921392435,1,8637.698412698413,False,False,False,False,True,True,False,False,False,True,False,False,False
1253,1,41,188,15.666666666666666,13520,9.511999311358759,1.7573089257397547,2,1.0986122886681098,4.18,3,4.0,0.0,12.54,0,5.241747015059643,0,7692.581818181819,False,False,False,True,False,False,False,True,False,False,False,False,True
1254,0,23,21,1.75,11982,9.391244257682517,1.3842015693942262,2,1.0986122886681098,1.22,2,3.5,2.1213203435596424,2.44,1,3.091042453358316,1,8655.253731343284,False,False,True,False,False,False,False,True,False,True,False,False,False
1255,1,48,196,16.333333333333332,4233,8.350902451694811,0.489010619533113,2,1.0986122886681098,4.89,1,3.0,1.4142135623730951,4.89,0,5.2832037287379885,1,8655.253731343284,False,False,True,False,False,True,False,False,False,True,False,False,False
1256,0,29,134,11.166666666666666,13978,9.545311482471128,1.6792374425177,5,1.791759469228055,3.8,1,2.5,0.7071067811865476,3.8,0,4.90527477843843,1,8323.016393442624,True,False,False,False,False,False,False,True,False,False,False,True,False
1257,1,22,74,6.166666666666667,9093,9.115370134384955,1.0525891246109238,2,1.0986122886681098,4.81,2,1.5,0.7071067811865476,9.62,0,4.31748811353631,1,8637.698412698413,False,False,False,False,True,False,False,True,False,True,False,False,False
1258,1,25,76,6.333333333333333,12596,9.441213969352303,1.6372088186847595,2,1.0986122886681098,1.43,4,4.5,0.7071067811865476,5.72,1,4.343805421853684,1,7692.581818181819,False,False,False,True,False,True,False,False,True,False,False,False,False
1259,0,50,14,1.1666666666666667,4398,8.389132521348719,0.5080719831577205,1,0.6931471805599453,1.07,2,1.5,0.7071067811865476,2.14,1,2.70805020110221,1,8655.253731343284,False,False,True,False,False,False,True,False,False,False,True,False,False
1260,1,49,81,6.75,7065,8.86304982791909,0.854101370108355,2,1.0986122886681098,2.29,4,3.5,2.1213203435596424,9.16,0,4.406719247264253,1,8270.851851851852,False,True,False,False,False,False,False,True,False,False,False,False,True
1261,0,32,160,13.333333333333334,11050,9.310276200588783,1.3274841708270557,3,1.3862943611198906,1.64,3,1.0,0.0,4.92,1,5.081404364984463,1,8323.016393442624,True,False,False,False,False,True,False,False,False,True,False,False,False
1262,1,59,93,7.75,4037,8.303504798872783,0.4849822260297578,1,0.6931471805599453,4.0,2,2.0,1.4142135623730951,8.0,0,4.543294782270004,1,8323.016393442624,True,False,False,False,False,False,True,False,True,False,False,False,False
1263,0,46,140,11.666666666666666,9095,9.115590035430372,1.0506854676715478,1,0.6931471805599453,2.05,2,5.0,0.0,4.1,0,4.948759890378168,1,8655.253731343284,False,False,True,False,False,False,False,True,False,False,True,False,False
1264,0,38,70,5.833333333333333,14335,9.570529135214711,1.7329855825199247,1,0.6931471805599453,2.51,1,3.0,2.8284271247461903,2.51,0,4.2626798770413155,1,8270.851851851852,False,True,False,False,False,False,False,True,True,False,False,False,False
1265,1,29,155,12.916666666666666,10641,9.272563715156315,1.229284668663325,2,1.0986122886681098,1.15,3,1.5,0.7071067811865476,3.4499999999999997,1,5.049856007249537,1,8655.253731343284,False,False,True,False,False,False,False,True,False,False,False,True,False
1266,0,28,72,6.0,12765,9.454540665816003,1.4776531590958366,4,1.6094379124341003,3.92,2,2.0,1.4142135623730951,7.84,0,4.290459441148391,1,8637.698412698413,False,False,False,False,True,False,False,True,False,False,True,False,False
1267,1,25,64,5.333333333333333,14712,9.596486735697948,1.6995804948195505,2,1.0986122886681098,3.06,1,4.0,1.4142135623730951,3.06,0,4.174387269895637,1,8655.253731343284,False,False,True,False,False,False,True,False,False,False,False,True,False
1268,1,39,16,1.3333333333333333,4244,8.353497098745448,0.49127771305936,1,0.6931471805599453,1.17,2,3.0,1.4142135623730951,2.34,1,2.833213344056216,1,8637.698412698413,False,False,False,False,True,True,False,False,False,False,False,True,False
1269,0,53,122,10.166666666666666,12725,9.451402423792738,1.5383496015044327,3,1.3862943611198906,4.67,2,2.5,0.7071067811865476,9.34,0,4.812184355372417,1,8270.851851851852,False,True,False,False,False,False,True,False,False,True,False,False,False
1270,0,41,104,8.666666666666666,10241,9.234252192022495,1.1830753023006402,4,1.6094379124341003,1.58,5,2.5,2.1213203435596424,7.9,1,4.653960350157523,1,8655.253731343284,False,False,True,False,False,False,True,False,True,False,False,False,False
1271,0,29,193,16.083333333333332,5075,8.532278828834277,0.6596407395066017,2,1.0986122886681098,2.45,1,1.5,0.7071067811865476,2.45,0,5.267858159063328,1,7692.581818181819,False,False,False,True,False,False,True,False,False,False,False,True,False
1272,0,39,128,10.666666666666666,8921,9.09627541568821,1.159537938352393,2,1.0986122886681098,1.8,4,4.5,0.7071067811865476,7.2,1,4.859812404361672,1,7692.581818181819,False,False,False,True,False,False,False,True,False,False,False,False,True
1273,1,59,64,5.333333333333333,6237,8.738414897167749,0.8106757226212167,2,1.0986122886681098,2.02,4,3.5,2.1213203435596424,8.08,0,4.174387269895637,1,7692.581818181819,False,False,False,True,False,False,True,False,False,False,False,False,True
1274,1,55,70,5.833333333333333,10192,9.229456489168413,1.2321303841676368,1,0.6931471805599453,2.82,5,3.5,2.1213203435596424,14.1,0,4.2626798770413155,0,8270.851851851852,False,True,False,False,False,True,False,False,False,True,False,False,False
1275,1,32,133,11.083333333333334,11491,9.34940642009918,1.3301772386345678,2,1.0986122886681098,3.22,4,3.5,0.7071067811865476,12.88,0,4.897839799950911,0,8637.698412698413,False,False,False,False,True,False,False,True,False,False,True,False,False
1276,0,25,23,1.9166666666666667,11743,9.371097750854297,1.356591472992522,3,1.3862943611198906,2.53,2,2.0,1.4142135623730951,5.06,0,3.1780538303479458,1,8655.253731343284,False,False,True,False,False,False,True,False,False,False,False,True,False
1277,0,30,5,0.4166666666666667,7219,8.884610231886873,0.8339635394305557,1,0.6931471805599453,1.35,1,3.0,2.8284271247461903,1.35,1,1.791759469228055,1,8655.253731343284,False,False,True,False,False,False,True,False,False,False,False,False,True
1278,0,43,190,15.833333333333334,2657,7.885329239273191,0.30694571606413446,0,0.0,3.61,3,1.0,0.0,10.83,0,5.25227342804663,0,8655.253731343284,False,False,True,False,False,False,True,False,False,False,True,False,False
1279,1,25,165,13.75,11962,9.389573832170905,1.437046665288076,5,1.791759469228055,1.91,2,2.0,0.0,3.82,1,5.111987788356544,1,8323.016393442624,True,False,False,False,False,True,False,False,True,False,False,False,False
1280,0,46,62,5.166666666666667,14037,9.549523217290366,1.6216021890825199,5,1.791759469228055,3.47,2,2.5,2.1213203435596424,6.94,0,4.143134726391533,1,8655.253731343284,False,False,True,False,False,False,False,True,False,False,True,False,False
1281,1,25,61,5.083333333333333,2880,7.9658927350845286,0.34598682461374847,1,0.6931471805599453,1.17,1,1.0,0.0,1.17,1,4.127134385045092,1,8323.016393442624,True,False,False,False,False,False,False,True,False,True,False,False,False
1282,0,27,90,7.5,9912,9.201602306032898,1.1473950734788823,3,1.3862943611198906,4.7,1,2.5,0.7071067811865476,4.7,0,4.51085950651685,1,8637.698412698413,False,False,False,False,True,True,False,False,True,False,False,False,False
1283,0,31,136,11.333333333333334,14375,9.573315428463395,1.6640238278106267,2,1.0986122886681098,1.43,4,3.0,0.0,5.72,1,4.919980925828125,1,8637.698412698413,False,False,False,False,True,False,True,False,True,False,False,False,False
1284,1,34,1,0.08333333333333333,3825,8.249575150000199,0.4595137514401347,2,1.0986122886681098,3.15,3,3.5,0.7071067811865476,9.45,0,0.6931471805599453,0,8323.016393442624,True,False,False,False,False,False,True,False,False,True,False,False,False
1285,0,52,27,2.25,6016,8.702344075220351,0.7272857526640996,0,0.0,2.01,1,2.5,2.1213203435596424,2.01,0,3.332204510175204,1,8270.851851851852,False,True,False,False,False,True,False,False,False,False,True,False,False
1286,0,59,214,17.833333333333332,4096,8.318010277546872,0.4741455025191184,2,1.0986122886681098,1.89,4,3.5,0.7071067811865476,7.56,1,5.3706380281276624,1,8637.698412698413,False,False,False,False,True,False,True,False,True,False,False,False,False
1287,0,26,144,12.0,9294,9.137231900155545,1.0758565186554412,0,0.0,1.99,4,1.5,0.7071067811865476,7.96,1,4.976733742420574,1,8637.698412698413,False,False,False,False,True,False,False,True,False,False,False,True,False
1288,0,39,69,5.75,10545,9.263501920090414,1.274805229694636,2,1.0986122886681098,3.25,4,3.5,2.1213203435596424,13.0,0,4.248495242049359,0,8270.851851851852,False,True,False,False,False,True,False,False,False,True,False,False,False
1289,0,43,76,6.333333333333333,7998,8.987071812848821,0.960834244187764,4,1.6094379124341003,4.18,4,2.0,0.0,16.72,0,4.343805421853684,0,8323.016393442624,True,False,False,False,False,False,False,True,False,True,False,False,False
1290,0,45,181,15.083333333333334,9885,9.198874893866904,1.1442696026370816,2,1.0986122886681098,1.51,4,2.0,1.4142135623730951,6.04,1,5.204006687076795,1,8637.698412698413,False,False,False,False,True,False,True,False,False,False,True,False,False
1291,1,37,71,5.916666666666667,8719,9.073374516903025,1.0474510846553031,0,0.0,4.93,4,3.0,1.4142135623730951,19.72,0,4.276666119016055,0,8323.016393442624,True,False,False,False,False,False,False,True,False,True,False,False,False
1292,0,26,10,0.8333333333333334,4163,8.33423142973486,0.5032730366257724,2,1.0986122886681098,3.8,5,2.5,0.7071067811865476,19.0,0,2.3978952727983707,0,8270.851851851852,False,True,False,False,False,True,False,False,False,False,False,True,False
1293,1,38,75,6.25,6427,8.768418726857403,0.7769723291842034,2,1.0986122886681098,3.36,3,3.5,2.1213203435596424,10.08,0,4.330733340286331,0,8270.851851851852,False,True,False,False,False,False,True,False,False,False,True,False,False
1294,1,59,167,13.916666666666666,8821,9.085003880664885,1.066387570520283,1,0.6931471805599453,4.48,5,3.5,0.7071067811865476,22.400000000000002,0,5.123963979403259,0,8270.851851851852,False,True,False,False,False,False,False,True,True,False,False,False,False
1295,1,57,104,8.666666666666666,5033,8.523970175695261,0.5826109165475398,3,1.3862943611198906,2.31,3,2.0,1.4142135623730951,6.93,0,4.653960350157523,0,8637.698412698413,False,False,False,False,True,False,False,True,False,False,False,False,True
1296,0,58,54,4.5,5309,8.577347114235984,0.6145601740415039,1,0.6931471805599453,2.84,5,1.0,0.0,14.2,0,4.007333185232471,0,8637.698412698413,False,False,False,False,True,False,True,False,False,False,False,True,False
1297,0,53,112,9.333333333333334,9429,9.151651375627504,1.0914838728644451,1,0.6931471805599453,4.56,2,3.0,1.4142135623730951,9.12,0,4.727387818712341,1,8637.698412698413,False,False,False,False,True,False,False,True,False,False,False,True,False
1298,1,45,163,13.583333333333334,7884,8.972717499397138,1.0247502640926203,4,1.6094379124341003,1.25,3,2.5,2.1213203435596424,3.75,1,5.099866427824199,1,7692.581818181819,False,False,False,True,False,True,False,False,False,False,False,True,False
1299,1,40,60,5.0,9171,9.123910643977796,1.1086997403062595,1,0.6931471805599453,3.55,1,1.5,0.7071067811865476,3.55,0,4.110873864173311,1,8270.851851851852,False,True,False,False,False,False,False,True,True,False,False,False,False
