EMP_ID,GENERO,EDAD,ANTIGUEDAD_MESES,ANTIGUEDAD_ANIOS,SALARIO,LOG_SALARIO,SALARIO_RATIO,AUSENCIAS,LOG_AUSENCIAS,SATISFACCION,DESEMPENO,AVG_DESEMPENO,STD_DESEMPENO,SATISFACCION_X_DESEMPENO,BURNOUT_SCORE,LOG_ANTIGUEDAD,SALARIO_AREA_MEAN,AREA_Comercial,AREA_Marketing,AREA_Operaciones,AREA_Riesgos,AREA_TI,ESTADO_CIVIL_Casado,ESTADO_CIVIL_Divorciado,ESTADO_CIVIL_Soltero,CARGO_Analista,CARGO_Asistente,CARGO_Especialista,CARGO_Gerente,CARGO_Jefe
1000,0,34,169,14.083333333333334,8229,9.015541293671115,1.0151842106859792,5,1.791759469228055,4.04,3,2.5,0.7071067811865476,12.120000000000001,0,5.135798437050262,8104.918032786885,False,False,True,False,False,True,False,False,True,False,False,False,False
1001,0,39,192,16.0,5182,8.553139318189707,0.6250371129123244,2,1.0986122886681098,3.76,2,4.0,1.4142135623730951,7.52,0,5.262690188904886,8289.707692307693,False,False,False,True,False,True,False,False,False,False,False,False,True
1002,1,51,18,1.5,11865,9.381432446818588,1.4637453712224018,2,1.0986122886681098,3.99,2,3.0,2.8284271247461903,7.98,0,2.9444389791664403,8104.918032786885,False,False,True,False,False,True,False,False,False,False,False,False,True
1003,0,52,56,4.666666666666667,1587,7.370230641807081,0.18495334339419892,3,1.3862943611198906,2.19,1,2.5,0.7071067811865476,2.19,0,4.04305126783455,8579.542372881357,False,True,False,False,False,False,False,True,True,False,False,False,False
1004,0,25,79,6.583333333333333,5455,8.604471199523298,0.6494671584989368,1,0.6931471805599453,3.78,5,2.5,0.7071067811865476,18.9,0,4.382026634673881,8398.192982456141,True,False,False,False,False,False,True,False,False,False,False,False,True
1005,0,37,223,18.583333333333332,5296,8.574895901544526,0.6447393277388533,2,1.0986122886681098,3.25,2,2.5,2.1213203435596424,6.5,0,5.4116460518550396,8213.172413793103,False,False,False,False,True,True,False,False,False,False,False,True,False
1006,0,31,182,15.166666666666666,14117,9.555205857955418,1.7027496956741188,3,1.3862943611198906,4.42,5,3.0,2.8284271247461903,22.1,0,5.209486152841421,8289.707692307693,False,False,False,True,False,True,False,False,False,False,True,False,False
1007,1,40,71,5.916666666666667,9381,9.146548238888403,1.0932875326912288,2,1.0986122886681098,4.16,1,2.5,0.7071067811865476,4.16,0,4.276666119016055,8579.542372881357,False,True,False,False,False,False,False,True,False,False,False,False,True
1008,0,51,114,9.5,8301,9.024251728612985,0.9674213632736265,3,1.3862943611198906,4.4,1,4.5,0.7071067811865476,4.4,0,4.74493212836325,8579.542372881357,False,True,False,False,False,False,False,True,False,False,False,False,True
1009,0,57,217,18.083333333333332,11624,9.360913230455557,1.4340140071714453,1,0.6931471805599453,4.15,2,4.0,1.4142135623730951,8.3,0,5.384495062789089,8104.918032786885,False,False,True,False,False,True,False,False,False,False,False,True,False
1010,1,49,215,17.916666666666668,6486,8.777555453213056,0.8001561296037504,0,0.0,1.01,3,4.5,0.7071067811865476,3.0300000000000002,1,5.375278407684165,8104.918032786885,False,False,True,False,False,True,False,False,False,False,False,True,False
1011,0,51,33,2.75,7787,8.960339366492091,0.9606561488165902,2,1.0986122886681098,1.83,1,5.0,0.0,1.83,1,3.5263605246161616,8104.918032786885,False,False,True,False,False,True,False,False,False,True,False,False,False
1012,0,25,34,2.8333333333333335,4538,8.420462002456466,0.5524597940481338,1,0.6931471805599453,1.97,5,5.0,0.0,9.85,1,3.5553480614894135,8213.172413793103,False,False,False,False,True,False,False,True,False,False,False,False,True
1013,1,25,143,11.916666666666666,7897,8.974364841846596,0.9742264809560309,3,1.3862943611198906,4.22,4,1.5,0.7071067811865476,16.88,0,4.969813299576001,8104.918032786885,False,False,True,False,False,False,False,True,False,False,True,False,False
1014,1,21,177,14.75,13172,9.485924559229828,1.5682459049950495,4,1.6094379124341003,4.57,5,2.0,0.0,22.85,0,5.181783550292085,8398.192982456141,True,False,False,False,False,False,True,False,False,True,False,False,False
1015,0,29,236,19.666666666666668,11826,9.378140332251117,1.4264162287343012,1,0.6931471805599453,2.88,5,3.0,1.4142135623730951,14.399999999999999,0,5.4680601411351315,8289.707692307693,False,False,False,True,False,False,False,True,True,False,False,False,False
1016,0,50,215,17.916666666666668,9343,9.142489705068009,1.126924304504023,1,0.6931471805599453,3.15,2,2.0,1.4142135623730951,6.3,0,5.375278407684165,8289.707692307693,False,False,False,True,False,False,True,False,False,False,False,False,True
1017,0,56,44,3.6666666666666665,12306,9.417923485172336,1.5181500664359777,1,0.6931471805599453,1.5,1,4.0,1.4142135623730951,1.5,1,3.8066624897703196,8104.918032786885,False,False,True,False,False,False,True,False,True,False,False,False,False
1018,1,30,54,4.5,4544,8.421783006611578,0.553190238905844,3,1.3862943611198906,4.3,2,3.0,1.4142135623730951,8.6,0,4.007333185232471,8213.172413793103,False,False,False,False,True,True,False,False,False,False,True,False,False
1019,1,37,119,9.916666666666666,8780,9.080345575359996,1.083159238038996,5,1.791759469228055,4.61,4,3.5,2.1213203435596424,18.44,0,4.787491742782046,8104.918032786885,False,False,True,False,False,False,False,True,False,False,True,False,False
1020,0,46,36,3.0,13774,9.530610634021116,1.6768579116833395,2,1.0986122886681098,4.34,1,4.0,0.0,4.34,0,3.6109179126442243,8213.172413793103,False,False,False,False,True,False,True,False,False,False,True,False,False
1021,0,54,230,19.166666666666668,3485,8.156510226079966,0.424266721519997,3,1.3862943611198906,4.48,4,4.0,0.0,17.92,0,5.442417710521793,8213.172413793103,False,False,False,False,True,False,True,False,False,True,False,False,False
1022,1,43,64,5.333333333333333,6540,8.785845337961213,0.7621895814732583,3,1.3862943611198906,4.82,1,5.0,0.0,4.82,0,4.174387269895637,8579.542372881357,False,True,False,False,False,True,False,False,False,False,False,True,False
1023,1,58,180,15.0,13764,9.529884417576708,1.6040944035776648,3,1.3862943611198906,4.49,2,4.0,1.4142135623730951,8.98,0,5.198497031265826,8579.542372881357,False,True,False,False,False,True,False,False,True,False,False,False,False
1024,1,56,51,4.25,9022,9.107532151994501,1.0882062587215344,3,1.3862943611198906,1.9,3,2.0,0.0,5.699999999999999,1,3.9512437185814275,8289.707692307693,False,False,False,True,False,True,False,False,False,False,True,False,False
1025,0,28,221,18.416666666666668,1887,7.543273346705446,0.22466444144592002,3,1.3862943611198906,3.26,3,3.5,0.7071067811865476,9.78,0,5.402677381872279,8398.192982456141,True,False,False,False,False,False,False,True,False,False,False,True,False
1026,0,55,20,1.6666666666666667,1933,7.56734567601324,0.23846774568671744,1,0.6931471805599453,3.01,1,2.5,2.1213203435596424,3.01,0,3.044522437723423,8104.918032786885,False,False,True,False,False,True,False,False,True,False,False,False,False
1027,1,27,85,7.083333333333333,7796,8.9614943233096,0.9490913517847622,4,1.6094379124341003,4.17,2,2.5,0.7071067811865476,8.34,0,4.454347296253507,8213.172413793103,False,False,False,False,True,True,False,False,False,False,False,True,False
1028,0,30,30,2.5,7809,8.963160242833732,0.9297321797833542,1,0.6931471805599453,3.17,5,2.5,0.7071067811865476,15.85,0,3.4339872044851463,8398.192982456141,True,False,False,False,False,True,False,False,False,False,False,True,False
1029,1,53,25,2.0833333333333335,11132,9.317668949728708,1.355218692671623,2,1.0986122886681098,4.0,4,3.0,1.4142135623730951,16.0,0,3.258096538021482,8213.172413793103,False,False,False,False,True,False,True,False,False,True,False,False,False
1030,1,51,185,15.416666666666666,6636,8.800415333145924,0.7733776854214897,2,1.0986122886681098,3.65,3,2.5,2.1213203435596424,10.95,0,5.225746673713202,8579.542372881357,False,True,False,False,False,True,False,False,False,True,False,False,False
1031,1,59,225,18.75,6380,8.761080103868347,0.7435427415595395,0,0.0,4.16,1,2.5,0.7071067811865476,4.16,0,5.420534999272286,8579.542372881357,False,True,False,False,False,False,True,False,True,False,False,False,False
1032,1,23,51,4.25,2537,7.839131648274333,0.30205282880143036,2,1.0986122886681098,1.63,5,3.5,0.7071067811865476,8.149999999999999,1,3.9512437185814275,8398.192982456141,True,False,False,False,False,False,True,False,False,False,True,False,False
1033,1,26,210,17.5,6580,8.791941988456118,0.7936596300584899,4,1.6094379124341003,4.91,1,2.5,2.1213203435596424,4.91,0,5.351858133476067,8289.707692307693,False,False,False,True,False,False,False,True,False,False,True,False,False
1034,1,50,156,13.0,14572,9.586925780533697,1.757630414773908,2,1.0986122886681098,2.84,5,5.0,0.0,14.2,0,5.056245805348308,8289.707692307693,False,False,False,True,False,False,False,True,False,False,False,True,False
1035,0,57,122,10.166666666666666,4925,8.502282578680484,0.5940385528933226,0,0.0,4.11,3,4.0,0.0,12.330000000000002,0,4.812184355372417,8289.707692307693,False,False,False,True,False,False,False,True,False,False,False,True,False
1036,1,50,11,0.9166666666666666,2380,7.7752758464868625,0.28336055677863786,2,1.0986122886681098,3.39,3,1.0,0.0,10.17,0,2.4849066497880004,8398.192982456141,True,False,False,False,False,True,False,False,False,True,False,False,False
1037,0,43,70,5.833333333333333,3771,8.235360643753348,0.46521565907119067,2,1.0986122886681098,2.54,2,3.5,2.1213203435596424,5.08,0,4.2626798770413155,8104.918032786885,False,False,True,False,False,False,False,True,True,False,False,False,False
1038,0,29,29,2.4166666666666665,9966,9.207034914967457,1.213268908656611,4,1.6094379124341003,3.42,5,3.0,1.4142135623730951,17.1,0,3.4011973816621555,8213.172413793103,False,False,False,False,True,False,False,True,False,False,False,False,True
1039,0,32,72,6.0,12932,9.467537463415244,1.5071308360263267,2,1.0986122886681098,4.57,2,3.5,0.7071067811865476,9.14,0,4.290459441148391,8579.542372881357,False,True,False,False,False,True,False,False,False,False,True,False,False
1040,1,56,43,3.5833333333333335,10365,9.246286498749653,1.234047130676715,0,0.0,4.12,4,2.5,2.1213203435596424,16.48,0,3.784189633918261,8398.192982456141,True,False,False,False,False,False,True,False,False,True,False,False,False
1041,0,30,201,16.75,10212,9.2314166975781,1.2317404471363675,1,0.6931471805599453,1.56,2,3.0,1.4142135623730951,3.12,1,5.308267697401205,8289.707692307693,False,False,False,True,False,False,False,True,True,False,False,False,False
1042,1,23,89,7.416666666666667,7863,8.970050661827003,0.9361613688867351,1,0.6931471805599453,4.49,1,2.0,0.0,4.49,0,4.499809670330265,8398.192982456141,True,False,False,False,False,False,False,True,True,False,False,False,False
1043,0,51,43,3.5833333333333335,5838,8.672314828283538,0.7202145366368632,0,0.0,4.47,3,2.0,1.4142135623730951,13.41,0,3.784189633918261,8104.918032786885,False,False,True,False,False,False,True,False,False,False,True,False,False
1044,0,37,11,0.9166666666666666,11648,9.362975618399776,1.4369748069109596,3,1.3862943611198906,2.42,3,2.0,0.0,7.26,0,2.4849066497880004,8104.918032786885,False,False,True,False,False,False,False,True,False,False,True,False,False
1045,1,39,234,19.5,3640,8.200013648175434,0.44905462715967487,2,1.0986122886681098,1.95,4,4.0,0.0,7.8,1,5.459585514144159,8104.918032786885,False,False,True,False,False,True,False,False,False,False,True,False,False
1046,0,43,195,16.25,13037,9.475623449484484,1.5521729322365974,3,1.3862943611198906,4.51,2,4.5,0.7071067811865476,9.02,0,5.278114659230517,8398.192982456141,True,False,False,False,False,False,False,True,True,False,False,False,False
1047,0,30,172,14.333333333333334,1924,7.562681246721884,0.23735744578439957,1,0.6931471805599453,1.43,5,3.5,0.7071067811865476,7.1499999999999995,1,5.153291594497779,8104.918032786885,False,False,True,False,False,False,False,True,False,False,False,False,True
1048,0,46,126,10.5,2745,7.917900586327916,0.31990984726973914,0,0.0,4.11,5,3.0,2.8284271247461903,20.55,0,4.844187086458591,8579.542372881357,False,True,False,False,False,True,False,False,False,False,False,True,False
1049,1,38,100,8.333333333333334,6910,8.840869624091395,0.8412289944628921,4,1.6094379124341003,1.46,5,2.5,2.1213203435596424,7.3,1,4.61512051684126,8213.172413793103,False,False,False,False,True,True,False,False,False,True,False,False,False
1050,0,26,155,12.916666666666666,7920,8.97727273946428,0.942947735162526,1,0.6931471805599453,2.83,4,3.0,2.8284271247461903,11.32,0,5.049856007249537,8398.192982456141,True,False,False,False,False,False,False,True,False,True,False,False,False
1051,1,59,234,19.5,1707,7.443078374348516,0.20589315934800034,2,1.0986122886681098,2.71,1,5.0,0.0,2.71,0,5.459585514144159,8289.707692307693,False,False,False,True,False,False,True,False,False,True,False,False,False
1052,1,32,125,10.416666666666666,12826,9.45930760329985,1.561447624165131,8,2.1972245773362196,3.07,5,2.0,1.4142135623730951,15.35,1,4.836281906951478,8213.172413793103,False,False,False,False,True,False,False,True,False,True,False,False,False
1053,1,26,208,17.333333333333332,14938,9.611730522042317,1.8017762239838484,3,1.3862943611198906,2.89,4,3.0,2.8284271247461903,11.56,0,5.342334251964811,8289.707692307693,False,False,False,True,False,True,False,False,False,False,False,False,True
1054,0,43,132,11.0,11513,9.351318965235755,1.4016019411362195,1,0.6931471805599453,4.55,3,3.5,0.7071067811865476,13.649999999999999,0,4.890349128221754,8213.172413793103,False,False,False,False,True,False,True,False,True,False,False,False,False
1055,1,56,38,3.1666666666666665,7699,8.948975607841776,0.9166356834616525,1,0.6931471805599453,3.45,5,5.0,0.0,17.25,0,3.6635616461296463,8398.192982456141,True,False,False,False,False,False,True,False,False,False,False,False,True
1056,1,53,60,5.0,7948,8.980801413573113,0.9675959548467535,3,1.3862943611198906,4.48,1,3.0,2.8284271247461903,4.48,0,4.110873864173311,8213.172413793103,False,False,False,False,True,False,True,False,False,False,False,False,True
1057,1,48,158,13.166666666666666,3423,8.138564737261632,0.3989258314041228,2,1.0986122886681098,2.25,4,3.0,0.0,9.0,0,5.0689042022202315,8579.542372881357,False,True,False,False,False,False,True,False,False,False,False,False,True
1058,0,57,21,1.75,3570,8.18060094759445,0.43060256524449986,4,1.6094379124341003,3.42,4,2.0,1.4142135623730951,13.68,0,3.091042453358316,8289.707692307693,False,False,False,True,False,False,False,True,False,False,True,False,False
1059,0,23,45,3.75,7473,8.91918561004543,0.9219190188912776,2,1.0986122886681098,3.0,4,2.0,0.0,12.0,0,3.828641396489095,8104.918032786885,False,False,True,False,False,False,False,True,False,False,False,False,True
1060,0,32,153,12.75,11246,9.327856705404022,1.3106397604355142,1,0.6931471805599453,1.43,3,1.5,0.7071067811865476,4.29,1,5.0369526024136295,8579.542372881357,False,True,False,False,False,True,False,False,False,False,True,False,False
1061,0,57,152,12.666666666666666,8998,9.104868739033948,1.0712933991152032,1,0.6931471805599453,1.48,3,4.5,0.7071067811865476,4.4399999999999995,1,5.030437921392435,8398.192982456141,True,False,False,False,False,False,False,True,False,False,False,True,False
1062,0,48,89,7.416666666666667,4098,8.318498320504338,0.47759218729012426,1,0.6931471805599453,4.09,5,5.0,0.0,20.45,0,4.499809670330265,8579.542372881357,False,True,False,False,False,True,False,False,False,True,False,False,False
1063,1,25,109,9.083333333333334,11918,9.385889044482708,1.4189458469276495,0,0.0,2.07,4,1.0,0.0,8.28,0,4.700480365792417,8398.192982456141,True,False,False,False,False,False,True,False,False,False,True,False,False
1064,0,37,38,3.1666666666666665,10208,9.231024963169016,1.2312579792761498,3,1.3862943611198906,3.76,3,2.5,2.1213203435596424,11.28,0,3.6635616461296463,8289.707692307693,False,False,False,True,False,False,True,False,True,False,False,False,False
1065,1,20,150,12.5,4307,8.36822903827628,0.5127873605233585,1,0.6931471805599453,3.74,4,4.0,1.4142135623730951,14.96,0,5.017279836814924,8398.192982456141,True,False,False,False,False,False,True,False,False,False,False,True,False
1066,0,22,29,2.4166666666666665,5299,8.575462099540212,0.6537199091536036,3,1.3862943611198906,1.78,4,4.0,1.4142135623730951,7.12,1,3.4011973816621555,8104.918032786885,False,False,True,False,False,False,True,False,False,False,False,False,True
1067,1,35,99,8.25,7464,8.91798070997329,0.9208087189889597,2,1.0986122886681098,4.99,2,4.0,1.4142135623730951,9.98,0,4.605170185988092,8104.918032786885,False,False,True,False,False,True,False,False,False,False,False,True,False
1068,0,20,191,15.916666666666666,5645,8.638702608813434,0.6578838207058935,0,0.0,1.46,5,3.0,2.8284271247461903,7.3,1,5.2574953720277815,8579.542372881357,False,True,False,False,False,False,False,True,False,False,False,True,False
1069,1,51,49,4.083333333333333,6129,8.720950028930258,0.7461494221509503,1,0.6931471805599453,2.27,2,3.5,2.1213203435596424,4.54,0,3.912023005428146,8213.172413793103,False,False,False,False,True,True,False,False,False,False,False,False,True
1070,0,33,61,5.083333333333333,13643,9.521055143538536,1.683091285258089,0,0.0,3.08,5,4.0,0.0,15.4,0,4.127134385045092,8104.918032786885,False,False,True,False,False,False,False,True,True,False,False,False,False
1071,0,27,220,18.333333333333332,2147,7.672292455628756,0.26137751825062655,1,0.6931471805599453,4.56,4,4.0,0.0,18.24,0,5.3981627015177525,8213.172413793103,False,False,False,False,True,False,False,True,True,False,False,False,False
1072,1,25,70,5.833333333333333,3144,8.05356916913454,0.36641040430457555,1,0.6931471805599453,1.28,2,2.0,0.0,2.56,1,4.2626798770413155,8579.542372881357,False,True,False,False,False,False,True,False,False,False,False,True,False
1073,0,58,199,16.583333333333332,9468,9.1557785839835,1.152641985466666,7,2.0794415416798357,2.45,2,2.0,1.4142135623730951,4.9,1,5.298317366548036,8213.172413793103,False,False,False,False,True,False,True,False,False,True,False,False,False
1074,0,49,96,8.0,4602,8.434463543817241,0.5479097824770132,2,1.0986122886681098,4.01,3,4.5,0.7071067811865476,12.03,0,4.574710978503383,8398.192982456141,True,False,False,False,False,False,False,True,False,False,False,True,False
1075,1,42,232,19.333333333333332,6805,8.82555985506085,0.7930734100803551,1,0.6931471805599453,2.13,3,2.5,2.1213203435596424,6.39,0,5.4510384535657,8579.542372881357,False,True,False,False,False,True,False,False,False,False,False,True,False
1076,0,34,116,9.666666666666666,2270,7.7279755421055585,0.27380051067367356,3,1.3862943611198906,1.61,4,3.0,1.4142135623730951,6.44,1,4.762173934797756,8289.707692307693,False,False,False,True,False,False,False,True,True,False,False,False,False
1077,1,23,226,18.833333333333332,14600,9.588845298501564,1.7382622390622322,2,1.0986122886681098,4.07,1,2.5,0.7071067811865476,4.07,0,5.424950017481403,8398.192982456141,True,False,False,False,False,False,False,True,False,False,False,False,True
1078,0,47,167,13.916666666666666,13570,9.51569044208137,1.6367722157893172,4,1.6094379124341003,3.2,1,1.0,0.0,3.2,0,5.123963979403259,8289.707692307693,False,False,False,True,False,False,False,True,False,False,False,False,True
1079,0,35,93,7.75,10730,9.280892027927127,1.2942200350345892,3,1.3862943611198906,3.38,1,3.0,1.4142135623730951,3.38,0,4.543294782270004,8289.707692307693,False,False,False,True,False,False,True,False,False,False,True,False,False
1080,1,55,41,3.4166666666666665,13135,9.48311183169221,1.5638407198686588,0,0.0,3.47,5,4.5,0.7071067811865476,17.35,0,3.7376696182833684,8398.192982456141,True,False,False,False,False,False,False,True,True,False,False,False,False
1081,1,51,208,17.333333333333332,9472,9.156200925875535,1.1531289487051395,4,1.6094379124341003,3.73,4,2.0,1.4142135623730951,14.92,0,5.342334251964811,8213.172413793103,False,False,False,False,True,False,False,True,True,False,False,False,False
1082,1,29,83,6.916666666666667,3786,8.239329427901795,0.4609107052151244,0,0.0,4.33,3,1.5,0.7071067811865476,12.99,0,4.430816798843313,8213.172413793103,False,False,False,False,True,False,False,True,True,False,False,False,False
1083,0,40,214,17.833333333333332,12515,9.434763104788773,1.543933697500915,0,0.0,3.49,1,4.5,0.7071067811865476,3.49,0,5.3706380281276624,8104.918032786885,False,False,True,False,False,True,False,False,False,False,True,False,False
1084,0,48,60,5.0,8895,9.093357016490364,1.0366477564533076,3,1.3862943611198906,1.95,1,5.0,0.0,1.95,1,4.110873864173311,8579.542372881357,False,True,False,False,False,False,False,True,True,False,False,False,False
1085,1,26,92,7.666666666666667,3942,8.279697133877628,0.4799022715155891,1,0.6931471805599453,3.35,4,3.5,0.7071067811865476,13.4,0,4.532599493153256,8213.172413793103,False,False,False,False,True,True,False,False,False,False,False,False,True
1086,0,58,213,17.75,3837,8.252706676567644,0.456829603512451,1,0.6931471805599453,1.43,4,4.5,0.7071067811865476,5.72,1,5.365976015021851,8398.192982456141,True,False,False,False,False,True,False,False,False,True,False,False,False
1087,0,36,106,8.833333333333334,6996,8.853236764745898,0.8153330752273571,6,1.9459101490553132,2.0,4,2.5,2.1213203435596424,8.0,1,4.672828834461906,8579.542372881357,False,True,False,False,False,False,True,False,False,True,False,False,False
1088,0,21,232,19.333333333333332,6364,8.758569510991506,0.7576918417391812,0,0.0,4.26,2,3.0,0.0,8.52,0,5.4510384535657,8398.192982456141,True,False,False,False,False,False,True,False,False,False,False,False,True
1089,1,56,66,5.5,4814,8.479491324232226,0.5731503026606566,2,1.0986122886681098,3.18,3,3.0,2.8284271247461903,9.540000000000001,0,4.204692619390966,8398.192982456141,True,False,False,False,False,False,True,False,False,True,False,False,False
1090,1,37,74,6.166666666666667,9815,9.191768986390747,1.2108437268055519,3,1.3862943611198906,1.04,3,3.0,0.0,3.12,1,4.31748811353631,8104.918032786885,False,False,True,False,False,False,True,False,True,False,False,False,False
1091,0,54,152,12.666666666666666,14385,9.574010790427302,1.7512415463601598,3,1.3862943611198906,2.88,2,2.0,1.4142135623730951,5.76,0,5.030437921392435,8213.172413793103,False,False,False,False,True,False,True,False,False,False,False,False,True
1092,0,35,23,1.9166666666666667,8570,9.056139690898883,1.0203361225180363,1,0.6931471805599453,2.46,2,3.5,2.1213203435596424,4.92,0,3.1780538303479458,8398.192982456141,True,False,False,False,False,True,False,False,False,False,True,False,False
1093,1,56,14,1.1666666666666667,8319,9.026417533815254,1.0034125322882337,1,0.6931471805599453,2.88,3,4.5,0.7071067811865476,8.64,0,2.70805020110221,8289.707692307693,False,False,False,True,False,True,False,False,False,True,False,False,False
1094,0,34,103,8.583333333333334,10708,9.278839788400875,1.321010150446648,2,1.0986122886681098,4.88,4,3.5,2.1213203435596424,19.52,0,4.6443908991413725,8104.918032786885,False,False,True,False,False,True,False,False,False,False,False,True,False
1095,1,58,154,12.833333333333334,10183,9.228573140237243,1.1867548177587446,1,0.6931471805599453,2.4,1,4.5,0.7071067811865476,2.4,0,5.043425116919247,8579.542372881357,False,True,False,False,False,False,False,True,True,False,False,False,False
1096,1,42,25,2.0833333333333335,11511,9.351145248567203,1.3884218847421395,0,0.0,4.77,5,4.0,1.4142135623730951,23.849999999999998,0,3.258096538021482,8289.707692307693,False,False,False,True,False,False,True,False,False,False,False,True,False
1097,1,36,223,18.583333333333332,5835,8.671800909642677,0.7103576241231513,3,1.3862943611198906,3.73,5,3.5,0.7071067811865476,18.65,0,5.4116460518550396,8213.172413793103,False,False,False,False,True,True,False,False,False,False,False,False,True
1098,0,47,221,18.416666666666668,13294,9.49514330367712,1.5493193113311157,0,0.0,2.16,2,2.0,1.4142135623730951,4.32,0,5.402677381872279,8579.542372881357,False,True,False,False,False,False,True,False,True,False,False,False,False
1099,1,43,20,1.6666666666666667,12254,9.413689295962213,1.458949690237575,2,1.0986122886681098,2.46,1,2.0,1.4142135623730951,2.46,0,3.044522437723423,8398.192982456141,True,False,False,False,False,True,False,False,True,False,False,False,False
1100,1,57,5,0.4166666666666667,1766,7.4770384723196965,0.21786551416593017,1,0.6931471805599453,1.61,4,4.5,0.7071067811865476,6.44,1,1.791759469228055,8104.918032786885,False,False,True,False,False,False,True,False,True,False,False,False,False
1101,0,46,140,11.666666666666666,4109,8.32117830749028,0.4956151094088655,0,0.0,3.56,4,2.0,1.4142135623730951,14.24,0,4.948759890378168,8289.707692307693,False,False,False,True,False,True,False,False,False,False,False,False,True
1102,1,22,53,4.416666666666667,14198,9.560926818574357,1.6904004979592857,3,1.3862943611198906,4.2,2,1.0,0.0,8.4,0,3.9889840465642745,8398.192982456141,True,False,False,False,False,False,False,True,False,False,True,False,False
1103,1,53,86,7.166666666666667,13945,9.542948007780955,1.6602785564193718,1,0.6931471805599453,3.35,5,2.5,0.7071067811865476,16.75,0,4.465908118654584,8398.192982456141,True,False,False,False,False,True,False,False,False,True,False,False,False
1104,0,22,103,8.583333333333334,12320,9.419060402624668,1.466807588030596,5,1.791759469228055,4.05,4,3.0,2.8284271247461903,16.2,0,4.6443908991413725,8398.192982456141,True,False,False,False,False,True,False,False,False,False,False,False,True
1105,0,27,13,1.0833333333333333,9157,9.12238309321704,1.1044895490038893,1,0.6931471805599453,4.84,4,2.5,2.1213203435596424,19.36,0,2.6390573296152584,8289.707692307693,False,False,False,True,False,False,True,False,False,False,False,True,False
1106,1,28,119,9.916666666666666,3600,8.188966863648876,0.444119960927151,4,1.6094379124341003,1.5,1,4.0,0.0,1.5,1,4.787491742782046,8104.918032786885,False,False,True,False,False,False,False,True,True,False,False,False,False
1107,0,35,158,13.166666666666666,7515,8.924789360533357,0.9148821842820021,2,1.0986122886681098,3.51,2,1.5,0.7071067811865476,7.02,0,5.0689042022202315,8213.172413793103,False,False,False,False,True,False,True,False,False,False,True,False,False
1108,1,41,27,2.25,5101,8.537387898701757,0.6209998698632725,2,1.0986122886681098,2.72,2,3.5,0.7071067811865476,5.44,0,3.332204510175204,8213.172413793103,False,False,False,False,True,False,True,False,True,False,False,False,False
1109,1,49,8,0.6666666666666666,11329,9.335209354022052,1.3664695971022236,2,1.0986122886681098,4.11,5,3.0,1.4142135623730951,20.55,0,2.1972245773362196,8289.707692307693,False,False,False,True,False,True,False,False,False,False,True,False,False
1110,0,55,179,14.916666666666666,12441,9.428833125074965,1.534804564970746,2,1.0986122886681098,4.2,4,2.5,2.1213203435596424,16.8,0,5.19295685089021,8104.918032786885,False,False,True,False,False,True,False,False,False,False,False,True,False
1111,1,44,174,14.5,4997,8.516793111394898,0.6027229743772453,4,1.6094379124341003,1.45,4,4.0,1.4142135623730951,5.8,1,5.1647859739235145,8289.707692307693,False,False,False,True,False,False,True,False,False,False,True,False,False
1112,0,27,112,9.333333333333334,9375,9.145908511816794,1.1307840473857664,1,0.6931471805599453,1.91,1,2.5,0.7071067811865476,1.91,1,4.727387818712341,8289.707692307693,False,False,False,True,False,False,True,False,False,False,True,False,False
1113,1,55,234,19.5,8280,9.0217190130337,0.9649739655349509,4,1.6094379124341003,1.69,5,4.0,1.4142135623730951,8.45,1,5.459585514144159,8579.542372881357,False,True,False,False,False,False,False,True,False,False,True,False,False
1114,0,32,202,16.833333333333332,3784,8.23880116587155,0.46681942559676093,1,0.6931471805599453,2.49,4,3.0,1.4142135623730951,9.96,0,5.313205979041787,8104.918032786885,False,False,True,False,False,False,True,False,False,False,False,False,True
1115,0,33,76,6.333333333333333,8355,9.030735122676456,1.0171444643614276,1,0.6931471805599453,1.54,2,3.0,2.8284271247461903,3.08,1,4.343805421853684,8213.172413793103,False,False,False,False,True,True,False,False,False,False,False,True,False
1116,0,30,18,1.5,14336,9.570598887246268,1.7685843777365657,0,0.0,2.95,2,3.0,2.8284271247461903,5.9,0,2.9444389791664403,8104.918032786885,False,False,True,False,False,False,False,True,False,False,False,True,False
1117,0,58,203,16.916666666666668,6824,8.82834762005316,0.8418540592685773,1,0.6931471805599453,2.87,5,1.5,0.7071067811865476,14.350000000000001,0,5.318119993844216,8104.918032786885,False,False,True,False,False,False,False,True,False,False,False,False,True
1118,1,48,223,18.583333333333332,8496,9.047468439003541,1.0247617351028768,5,1.791759469228055,2.19,4,1.0,0.0,8.76,0,5.4116460518550396,8289.707692307693,False,False,False,True,False,True,False,False,False,False,False,True,False
1119,1,55,190,15.833333333333334,1911,7.555905093611346,0.23049902021911461,1,0.6931471805599453,4.56,5,3.0,1.4142135623730951,22.799999999999997,0,5.25227342804663,8289.707692307693,False,False,False,True,False,False,False,True,False,False,True,False,False
1120,0,39,25,2.0833333333333335,12852,9.461332526110132,1.5501692348801994,4,1.6094379124341003,2.97,2,3.0,1.4142135623730951,5.94,0,3.258096538021482,8289.707692307693,False,False,False,True,False,True,False,False,True,False,False,False,False
1121,1,40,217,18.083333333333332,12182,9.407796816354407,1.4693558682936967,1,0.6931471805599453,4.94,4,2.5,0.7071067811865476,19.76,0,5.384495062789089,8289.707692307693,False,False,False,True,False,False,True,False,False,False,False,True,False
1122,1,24,217,18.083333333333332,2565,7.850103545175582,0.3093825153647457,4,1.6094379124341003,4.33,2,1.5,0.7071067811865476,8.66,0,5.384495062789089,8289.707692307693,False,False,False,True,False,True,False,False,False,True,False,False,False
1123,0,43,206,17.166666666666668,5201,8.556798446008598,0.6192261579015527,4,1.6094379124341003,1.3,5,4.0,0.0,6.5,1,5.332718793265369,8398.192982456141,True,False,False,False,False,True,False,False,True,False,False,False,False
1124,0,29,34,2.8333333333333335,8454,9.042513261332681,1.0196958225705888,1,0.6931471805599453,1.48,5,2.0,1.4142135623730951,7.4,1,3.5553480614894135,8289.707692307693,False,False,False,True,False,False,False,True,False,False,False,False,True
1125,1,52,176,14.666666666666666,3187,8.067149039910106,0.38440626762863334,2,1.0986122886681098,3.03,2,2.5,0.7071067811865476,6.06,0,5.176149732573829,8289.707692307693,False,False,False,True,False,False,True,False,False,False,True,False,False
1126,1,57,102,8.5,13828,9.534523115464658,1.6115531395431524,1,0.6931471805599453,3.39,1,3.5,2.1213203435596424,3.39,0,4.634728988229636,8579.542372881357,False,True,False,False,False,False,False,True,True,False,False,False,False
1127,1,32,155,12.916666666666666,11382,9.339876293325217,1.4041592764646758,3,1.3862943611198906,3.67,1,3.5,2.1213203435596424,3.67,0,5.049856007249537,8104.918032786885,False,False,True,False,False,False,True,False,False,False,True,False,False
1128,0,32,71,5.916666666666667,12009,9.39349491507403,1.429780221157421,0,0.0,2.9,1,3.0,0.0,2.9,0,4.276666119016055,8398.192982456141,True,False,False,False,False,False,True,False,False,False,False,False,True
1129,0,57,166,13.833333333333334,7260,8.890272839380247,0.8838382778293195,0,0.0,1.42,2,4.0,0.0,2.84,1,5.117993812416755,8213.172413793103,False,False,False,False,True,False,False,True,False,False,True,False,False
1130,0,45,98,8.166666666666666,14207,9.56156046523195,1.655722841588774,1,0.6931471805599453,3.72,3,2.0,1.4142135623730951,11.16,0,4.59511985013459,8579.542372881357,False,True,False,False,False,False,False,True,False,False,True,False,False
1131,0,45,130,10.833333333333334,9447,9.153558357877198,1.1009793541556379,2,1.0986122886681098,1.64,5,3.0,2.8284271247461903,8.2,1,4.875197323201151,8579.542372881357,False,True,False,False,False,False,True,False,False,False,True,False,False
1132,1,29,180,15.0,7323,8.898911905794401,0.8915079488352763,1,0.6931471805599453,4.83,3,4.5,0.7071067811865476,14.49,0,5.198497031265826,8213.172413793103,False,False,False,False,True,False,True,False,True,False,False,False,False
1133,1,49,33,2.75,13747,9.528648637969724,1.6735709098236438,3,1.3862943611198906,3.49,4,2.0,1.4142135623730951,13.96,0,3.5263605246161616,8213.172413793103,False,False,False,False,True,True,False,False,False,False,False,True,False
1134,0,57,93,7.75,1753,7.469654172932128,0.2134116392609913,1,0.6931471805599453,1.61,4,1.5,0.7071067811865476,6.44,1,4.543294782270004,8213.172413793103,False,False,False,False,True,True,False,False,False,False,False,False,True
1135,1,52,186,15.5,7064,8.862908295118627,0.8599770791441201,0,0.0,4.99,2,3.5,0.7071067811865476,9.98,0,5.231108616854587,8213.172413793103,False,False,False,False,True,False,True,False,False,False,False,True,False
1136,0,48,131,10.916666666666666,10304,9.240384493324559,1.2267845281710439,3,1.3862943611198906,2.99,5,4.0,1.4142135623730951,14.950000000000001,0,4.882801922586371,8398.192982456141,True,False,False,False,False,True,False,False,False,True,False,False,False
1137,0,57,145,12.083333333333334,10748,9.282568005973063,1.29639114040557,0,0.0,2.4,5,4.5,0.7071067811865476,12.0,0,4.983606621708336,8289.707692307693,False,False,False,True,False,False,False,True,True,False,False,False,False
1138,0,29,98,8.166666666666666,2069,7.635303886259415,0.24112694863427697,0,0.0,4.98,1,2.0,0.0,4.98,0,4.59511985013459,8579.542372881357,False,True,False,False,False,False,False,True,False,False,False,True,False
1139,1,34,32,2.6666666666666665,1939,7.570443252057374,0.2259763912043804,2,1.0986122886681098,2.69,2,4.0,0.0,5.38,0,3.4965075614664802,8579.542372881357,False,True,False,False,False,False,False,True,False,False,False,False,True
1140,0,49,110,9.166666666666666,5041,8.525558107747866,0.6136954212861707,2,1.0986122886681098,1.58,5,3.0,0.0,7.9,1,4.709530201312334,8213.172413793103,False,False,False,False,True,False,True,False,True,False,False,False,False
1141,1,29,167,13.916666666666666,7410,8.910720661951359,0.9141469195750525,0,0.0,3.49,1,3.0,0.0,3.49,0,5.123963979403259,8104.918032786885,False,False,True,False,False,True,False,False,False,False,True,False,False
1142,0,39,40,3.3333333333333335,6687,8.808070154764538,0.7793213656439875,3,1.3862943611198906,1.49,2,3.0,1.4142135623730951,2.98,1,3.713572066704308,8579.542372881357,False,True,False,False,False,False,False,True,True,False,False,False,False
1143,1,45,213,17.75,4022,8.299783171949787,0.478855529144404,1,0.6931471805599453,3.11,4,3.0,2.8284271247461903,12.44,0,5.365976015021851,8398.192982456141,True,False,False,False,False,False,False,True,False,True,False,False,False
1144,1,37,155,12.916666666666666,4308,8.368461137615839,0.5129064195808285,2,1.0986122886681098,1.65,1,2.0,1.4142135623730951,1.65,1,5.049856007249537,8398.192982456141,True,False,False,False,False,False,True,False,False,False,True,False,False
1145,0,35,66,5.5,8720,9.073489189226986,1.0615798598721302,0,0.0,2.94,5,4.0,1.4142135623730951,14.7,0,4.204692619390966,8213.172413793103,False,False,False,False,True,False,True,False,True,False,False,False,False
1146,1,50,113,9.416666666666666,13631,9.520175249069098,1.6228940123737867,3,1.3862943611198906,1.22,4,4.0,1.4142135623730951,4.88,1,4.736198448394496,8398.192982456141,True,False,False,False,False,True,False,False,True,False,False,False,False
1147,1,39,44,3.6666666666666665,3145,8.053887083618223,0.3744407357432,3,1.3862943611198906,4.76,5,3.0,2.8284271247461903,23.799999999999997,0,3.8066624897703196,8398.192982456141,True,False,False,False,False,False,False,True,True,False,False,False,False
1148,1,56,174,14.5,5413,8.596743470174246,0.6308459028310011,0,0.0,1.34,2,3.5,2.1213203435596424,2.68,1,5.1647859739235145,8579.542372881357,False,True,False,False,False,False,True,False,True,False,False,False,False
1149,1,54,190,15.833333333333334,3628,8.19671240721307,0.4375983492176598,3,1.3862943611198906,2.1,1,3.0,2.8284271247461903,2.1,0,5.25227342804663,8289.707692307693,False,False,False,True,False,True,False,False,False,True,False,False,False
1150,0,24,45,3.75,13533,9.51296031679217,1.647518376565314,2,1.0986122886681098,3.3,3,4.5,0.7071067811865476,9.899999999999999,0,3.828641396489095,8213.172413793103,False,False,False,False,True,True,False,False,False,False,True,False,False
1151,1,29,113,9.416666666666666,4003,8.295049140435111,0.47659340705247366,1,0.6931471805599453,1.99,5,1.5,0.7071067811865476,9.95,1,4.736198448394496,8398.192982456141,True,False,False,False,False,False,True,False,True,False,False,False,False
1152,1,24,13,1.0833333333333333,9696,9.179571838304547,1.180398890059653,2,1.0986122886681098,3.52,1,5.0,0.0,3.52,0,2.6390573296152584,8213.172413793103,False,False,False,False,True,False,False,True,True,False,False,False,False
1153,1,40,226,18.833333333333332,5516,8.61558951327243,0.6567297610046078,1,0.6931471805599453,2.79,3,2.5,2.1213203435596424,8.370000000000001,0,5.424950017481403,8398.192982456141,True,False,False,False,False,False,False,True,False,True,False,False,False
1154,0,23,156,13.0,13744,9.528430400599346,1.6363476858678987,5,1.791759469228055,4.59,4,1.0,0.0,18.36,0,5.056245805348308,8398.192982456141,True,False,False,False,False,True,False,False,True,False,False,False,False
1155,0,59,101,8.416666666666666,13050,9.476620038167528,1.6099348583609223,2,1.0986122886681098,4.1,5,3.0,1.4142135623730951,20.5,0,4.624972813284271,8104.918032786885,False,False,True,False,False,False,False,True,False,False,False,True,False
1156,0,52,68,5.666666666666667,12102,9.401208634738603,1.4733072780014358,2,1.0986122886681098,3.65,3,4.0,1.4142135623730951,10.95,0,4.23410650459726,8213.172413793103,False,False,False,False,True,False,False,True,False,False,False,True,False
1157,1,22,45,3.75,6025,8.703838719690246,0.7267172144532525,2,1.0986122886681098,3.88,2,4.0,1.4142135623730951,7.76,0,3.828641396489095,8289.707692307693,False,False,False,True,False,False,False,True,True,False,False,False,False
1158,0,57,236,19.666666666666668,2374,7.772752716468742,0.2890126820339951,2,1.0986122886681098,3.92,3,3.0,2.8284271247461903,11.76,0,5.4680601411351315,8213.172413793103,False,False,False,False,True,True,False,False,False,False,False,True,False
1159,1,24,184,15.333333333333334,4298,8.366137716496281,0.5302298866846931,0,0.0,2.05,5,3.0,2.8284271247461903,10.25,0,5.220355825078324,8104.918032786885,False,False,True,False,False,False,True,False,False,False,False,False,True
1160,1,55,18,1.5,9617,9.171391621837609,1.1707813660998023,5,1.791759469228055,3.64,4,2.5,2.1213203435596424,14.56,0,2.9444389791664403,8213.172413793103,False,False,False,False,True,False,False,True,False,False,False,False,True
1161,1,31,91,7.583333333333333,7475,8.919453168575453,0.9221657522029038,4,1.6094379124341003,3.47,5,4.0,1.4142135623730951,17.35,0,4.5217885770490405,8104.918032786885,False,False,True,False,False,False,True,False,False,False,True,False,False
1162,1,57,16,1.3333333333333333,14748,9.598930562859502,1.7788590006234968,2,1.0986122886681098,1.62,4,2.5,2.1213203435596424,6.48,1,2.833213344056216,8289.707692307693,False,False,False,True,False,True,False,False,False,False,True,False,False
1163,1,41,235,19.583333333333332,9534,9.16272451803452,1.1351090539191315,0,0.0,1.87,5,4.0,0.0,9.350000000000001,1,5.4638318050256105,8398.192982456141,True,False,False,False,False,False,False,True,False,False,False,False,True
1164,0,38,117,9.75,10232,9.233373071086755,1.1924654124823209,2,1.0986122886681098,4.35,2,4.5,0.7071067811865476,8.7,0,4.770684624465665,8579.542372881357,False,True,False,False,False,False,False,True,False,False,False,False,True
1165,0,43,137,11.416666666666666,8389,9.034795799461252,0.9776771252261719,4,1.6094379124341003,1.72,4,1.5,0.7071067811865476,6.88,1,4.927253685157205,8579.542372881357,False,True,False,False,False,False,True,False,False,False,False,False,True
1166,1,41,154,12.833333333333334,2974,7.99799931797973,0.36205716780501324,2,1.0986122886681098,2.28,4,2.0,1.4142135623730951,9.12,0,5.043425116919247,8213.172413793103,False,False,False,False,True,True,False,False,True,False,False,False,False
1167,1,33,170,14.166666666666666,13760,9.529593783265282,1.6596894391496688,2,1.0986122886681098,3.67,2,3.0,1.4142135623730951,7.34,0,5.14166355650266,8289.707692307693,False,False,False,True,False,False,True,False,False,False,False,True,False
1168,0,48,31,2.5833333333333335,14189,9.560292770154089,1.7504494793320404,3,1.3862943611198906,4.39,1,3.0,0.0,4.39,0,3.4657359027997265,8104.918032786885,False,False,True,False,False,True,False,False,False,False,True,False,False
1169,1,25,193,16.083333333333332,14591,9.588228712314113,1.7599221371099432,1,0.6931471805599453,1.31,4,3.0,1.4142135623730951,5.24,1,5.267858159063328,8289.707692307693,False,False,False,True,False,True,False,False,False,False,False,False,True
1170,0,20,150,12.5,6675,8.806274284781725,0.7947192086123561,1,0.6931471805599453,2.33,1,3.5,2.1213203435596424,2.33,0,5.017279836814924,8398.192982456141,True,False,False,False,False,True,False,False,False,False,False,False,True
1171,0,23,208,17.333333333333332,11329,9.335209354022052,1.3664695971022236,1,0.6931471805599453,4.09,1,3.5,0.7071067811865476,4.09,0,5.342334251964811,8289.707692307693,False,False,False,True,False,False,False,True,False,False,True,False,False
1172,0,39,132,11.0,13935,9.542230699092284,1.696458182031896,2,1.0986122886681098,4.58,2,3.0,1.4142135623730951,9.16,0,4.890349128221754,8213.172413793103,False,False,False,False,True,True,False,False,False,False,True,False,False
1173,0,33,216,18.0,7997,8.986946789406764,0.9319923674375606,2,1.0986122886681098,4.57,4,3.0,1.4142135623730951,18.28,0,5.37989735354046,8579.542372881357,False,True,False,False,False,False,False,True,False,False,True,False,False
1174,1,57,13,1.0833333333333333,8747,9.076580381796658,1.041409575690229,0,0.0,2.58,3,1.0,0.0,7.74,0,2.6390573296152584,8398.192982456141,True,False,False,False,False,False,True,False,True,False,False,False,False
1175,1,26,148,12.333333333333334,8473,9.044757931186505,1.045285674704375,4,1.6094379124341003,2.57,5,4.0,1.4142135623730951,12.85,0,5.003946305945459,8104.918032786885,False,False,True,False,False,True,False,False,False,False,False,False,True
1176,1,56,131,10.916666666666666,11411,9.342420712333391,1.3763601882366912,3,1.3862943611198906,1.71,3,4.5,0.7071067811865476,5.13,1,4.882801922586371,8289.707692307693,False,False,False,True,False,False,False,True,True,False,False,False,False
1177,1,54,85,7.083333333333333,13389,9.502263438685219,1.6299876999802696,2,1.0986122886681098,1.25,3,2.5,2.1213203435596424,3.75,1,4.454347296253507,8213.172413793103,False,False,False,False,True,False,True,False,False,True,False,False,False
1178,1,44,133,11.083333333333334,4708,8.457230850243555,0.5486832644611774,2,1.0986122886681098,1.23,4,1.5,0.7071067811865476,4.92,1,4.897839799950911,8579.542372881357,False,True,False,False,False,False,True,False,False,False,True,False,False
1179,1,43,79,6.583333333333333,7150,8.875007486048396,0.882071589063647,0,0.0,4.96,2,3.5,0.7071067811865476,9.92,0,4.382026634673881,8104.918032786885,False,False,True,False,False,False,True,False,False,False,False,True,False
1180,0,57,166,13.833333333333334,11068,9.311903687385623,1.365422146539363,1,0.6931471805599453,3.93,1,2.0,0.0,3.93,0,5.117993812416755,8104.918032786885,False,False,True,False,False,False,True,False,False,False,False,False,True
1181,1,27,46,3.8333333333333335,4277,8.361240889642351,0.527639186912618,1,0.6931471805599453,1.61,1,3.0,1.4142135623730951,1.61,1,3.8501476017100584,8104.918032786885,False,False,True,False,False,False,True,False,False,False,False,False,True
1182,0,45,77,6.416666666666667,8238,9.01663425631559,0.9936425581188206,1,0.6931471805599453,2.5,3,2.0,0.0,7.5,0,4.356708826689592,8289.707692307693,False,False,False,True,False,True,False,False,False,False,False,False,True
1183,0,30,185,15.416666666666666,9886,9.198976041897133,1.152141621168904,0,0.0,2.72,1,2.0,1.4142135623730951,2.72,0,5.225746673713202,8579.542372881357,False,True,False,False,False,False,False,True,False,False,False,True,False
1184,1,33,115,9.583333333333334,4877,8.492490578775866,0.593729928508759,2,1.0986122886681098,3.42,2,3.0,2.8284271247461903,6.84,0,4.7535901911063645,8213.172413793103,False,False,False,False,True,True,False,False,False,False,False,True,False
1185,1,30,199,16.583333333333332,13969,9.544667452251007,1.7233088150531588,0,0.0,4.49,4,3.0,1.4142135623730951,17.96,0,5.298317366548036,8104.918032786885,False,False,True,False,False,True,False,False,True,False,False,False,False
1186,1,31,32,2.6666666666666665,6422,8.767640577257792,0.7746021495798818,2,1.0986122886681098,3.83,2,4.0,0.0,7.66,0,3.4965075614664802,8289.707692307693,False,False,False,True,False,False,False,True,False,False,True,False,False
1187,1,55,131,10.916666666666666,4142,8.329175442077402,0.4995954692556634,2,1.0986122886681098,1.52,2,3.5,0.7071067811865476,3.04,1,4.882801922586371,8289.707692307693,False,False,False,True,False,False,True,False,True,False,False,False,False
1188,1,38,134,11.166666666666666,6341,8.754949455098293,0.7822679645108512,3,1.3862943611198906,4.97,5,3.0,2.8284271247461903,24.849999999999998,0,4.90527477843843,8104.918032786885,False,False,True,False,False,False,True,False,True,False,False,False,False
1189,0,59,122,10.166666666666666,14649,9.592195614445213,1.7072347368504222,2,1.0986122886681098,2.24,4,1.5,0.7071067811865476,8.96,0,4.812184355372417,8579.542372881357,False,True,False,False,False,False,False,True,True,False,False,False,False
1190,1,21,133,11.083333333333334,3489,8.157657015196472,0.4153970515128855,1,0.6931471805599453,2.55,4,1.0,0.0,10.2,0,4.897839799950911,8398.192982456141,True,False,False,False,False,True,False,False,False,False,False,False,True
1191,1,25,51,4.25,4724,8.460622839927844,0.5505479484525493,2,1.0986122886681098,1.59,3,3.0,2.8284271247461903,4.7700000000000005,1,3.9512437185814275,8579.542372881357,False,True,False,False,False,True,False,False,False,False,False,True,False
1192,0,29,166,13.833333333333334,9846,9.194922119247803,1.1986600115024075,2,1.0986122886681098,4.76,1,3.0,1.4142135623730951,4.76,0,5.117993812416755,8213.172413793103,False,False,False,False,True,True,False,False,False,False,True,False,False
1193,0,38,233,19.416666666666668,14805,9.602787783003043,1.7626693458435854,0,0.0,4.65,4,3.0,2.8284271247461903,18.6,0,5.455321115357702,8398.192982456141,True,False,False,False,False,True,False,False,False,False,True,False,False
1194,0,38,158,13.166666666666666,9914,9.201804040953895,1.2230570257310485,4,1.6094379124341003,1.78,1,4.0,1.4142135623730951,1.78,1,5.0689042022202315,8104.918032786885,False,False,True,False,False,False,True,False,False,True,False,False,False
1195,0,35,63,5.25,9337,9.141847375530883,1.1116544195975384,3,1.3862943611198906,2.61,5,3.0,2.8284271247461903,13.049999999999999,0,4.1588830833596715,8398.192982456141,True,False,False,False,False,False,False,True,True,False,False,False,False
1196,1,29,208,17.333333333333332,5116,8.540323608805092,0.6170763932187286,1,0.6931471805599453,2.42,5,4.0,1.4142135623730951,12.1,0,5.342334251964811,8289.707692307693,False,False,False,True,False,False,True,False,True,False,False,False,False
1197,1,53,165,13.75,7677,8.946114375560743,0.9470858166771494,2,1.0986122886681098,4.55,5,3.0,2.8284271247461903,22.75,0,5.111987788356544,8104.918032786885,False,False,True,False,False,False,False,True,False,True,False,False,False
1198,0,56,76,6.333333333333333,2965,7.994969522697877,0.3657821344858341,0,0.0,3.95,5,1.0,0.0,19.75,0,4.343805421853684,8104.918032786885,False,False,True,False,False,False,True,False,False,False,True,False,False
1199,0,49,146,12.166666666666666,6818,8.827468112520654,0.8411138593336988,1,0.6931471805599453,2.78,3,5.0,0.0,8.34,0,4.990432586778736,8104.918032786885,False,False,True,False,False,False,False,True,False,False,True,False,False
1200,1,21,107,8.916666666666666,13893,9.539212371252827,1.6540874854309309,6,1.9459101490553132,3.3,1,5.0,0.0,3.3,1,4.68213122712422,8398.192982456141,True,False,False,False,False,True,False,False,True,False,False,False,False
1201,1,41,214,17.833333333333332,4577,8.429017500512511,0.55720768562325,6,1.9459101490553132,2.54,5,2.0,1.4142135623730951,12.7,1,5.3706380281276624,8213.172413793103,False,False,False,False,True,False,False,True,True,False,False,False,False
1202,0,51,45,3.75,1627,7.395107546562485,0.2007175490079096,3,1.3862943611198906,3.51,2,3.5,0.7071067811865476,7.02,0,3.828641396489095,8104.918032786885,False,False,True,False,False,True,False,False,False,False,False,False,True
1203,1,40,150,12.5,5056,8.528528701079983,0.6098393753154597,1,0.6931471805599453,3.28,2,3.0,1.4142135623730951,6.56,0,5.017279836814924,8289.707692307693,False,False,False,True,False,False,False,True,True,False,False,False,False
1204,1,49,28,2.3333333333333335,4272,8.360071435644025,0.508620293511908,3,1.3862943611198906,4.58,1,2.5,0.7071067811865476,4.58,0,3.367295829986474,8398.192982456141,True,False,False,False,False,True,False,False,False,False,True,False,False
1205,1,31,139,11.583333333333334,6379,8.760923376338836,0.769415620082539,2,1.0986122886681098,1.28,5,1.5,0.7071067811865476,6.4,1,4.941642422609304,8289.707692307693,False,False,False,True,False,True,False,False,False,False,False,False,True
1206,0,54,28,2.3333333333333335,3794,8.24143968982973,0.4421631914540584,1,0.6931471805599453,4.99,1,1.0,0.0,4.99,0,3.367295829986474,8579.542372881357,False,True,False,False,False,True,False,False,False,True,False,False,False
1207,0,29,179,14.916666666666666,11067,9.311813340906816,1.3473055400464296,1,0.6931471805599453,1.65,3,1.5,0.7071067811865476,4.949999999999999,1,5.19295685089021,8213.172413793103,False,False,False,False,True,False,False,True,False,False,False,False,True
1208,1,25,181,15.083333333333334,12272,9.415157006597509,1.4302126213822364,3,1.3862943611198906,1.08,4,4.0,0.0,4.32,1,5.204006687076795,8579.542372881357,False,True,False,False,False,True,False,False,False,False,False,False,True
1209,0,52,69,5.75,11251,9.328301169609748,1.311222474182818,2,1.0986122886681098,3.48,5,3.5,0.7071067811865476,17.4,0,4.248495242049359,8579.542372881357,False,True,False,False,False,False,False,True,False,True,False,False,False
1210,0,39,64,5.333333333333333,2080,7.640603826393634,0.25088328731332205,4,1.6094379124341003,1.86,3,3.5,0.7071067811865476,5.58,1,4.174387269895637,8289.707692307693,False,False,False,True,False,False,False,True,False,False,False,False,True
1211,0,39,139,11.583333333333334,12085,9.399803036921504,1.4712376842379236,0,0.0,4.6,3,1.5,0.7071067811865476,13.799999999999999,0,4.941642422609304,8213.172413793103,False,False,False,False,True,False,True,False,False,True,False,False,False
1212,0,39,190,15.833333333333334,2914,7.977625098784593,0.3396055719286047,2,1.0986122886681098,1.41,3,5.0,0.0,4.2299999999999995,1,5.25227342804663,8579.542372881357,False,True,False,False,False,False,False,True,False,False,True,False,False
1213,1,58,214,17.833333333333332,13067,9.477921772720961,1.5557447039606978,3,1.3862943611198906,4.94,5,2.5,0.7071067811865476,24.700000000000003,0,5.3706380281276624,8398.192982456141,True,False,False,False,False,True,False,False,False,False,False,False,True
1214,0,54,132,11.0,4884,8.493924564476883,0.5814844366835576,1,0.6931471805599453,3.05,3,4.0,1.4142135623730951,9.149999999999999,0,4.890349128221754,8398.192982456141,True,False,False,False,False,False,True,False,True,False,False,False,False
1215,1,59,74,6.166666666666667,4318,8.3707791729607,0.5208240551052522,1,0.6931471805599453,1.34,3,3.0,0.0,4.0200000000000005,1,4.31748811353631,8289.707692307693,False,False,False,True,False,False,True,False,False,False,False,False,True
1216,0,26,24,2.0,5309,8.577347114235984,0.6187254568870838,4,1.6094379124341003,2.61,4,1.0,0.0,10.44,0,3.2188758248682006,8579.542372881357,False,True,False,False,False,True,False,False,False,True,False,False,False
1217,1,32,110,9.166666666666666,14797,9.602247315485496,1.7617168733838253,3,1.3862943611198906,1.07,4,4.5,0.7071067811865476,4.28,1,4.709530201312334,8398.192982456141,True,False,False,False,False,False,True,False,False,False,False,False,True
1218,1,26,31,2.5833333333333335,11537,9.353401214816834,1.3445537005285904,1,0.6931471805599453,1.68,1,1.5,0.7071067811865476,1.68,1,3.4657359027997265,8579.542372881357,False,True,False,False,False,False,True,False,True,False,False,False,False
1219,0,41,67,5.583333333333333,10080,9.218407743053941,1.2435358905960228,0,0.0,2.57,2,2.0,0.0,5.14,0,4.219507705176107,8104.918032786885,False,False,True,False,False,True,False,False,False,False,True,False,False
1220,1,33,1,0.08333333333333333,9657,9.175541866433488,1.1647980315311302,0,0.0,2.83,5,3.5,0.7071067811865476,14.15,0,0.6931471805599453,8289.707692307693,False,False,False,True,False,True,False,False,False,False,False,True,False
1221,0,56,160,13.333333333333334,6936,8.844624683385302,0.8365992696178854,0,0.0,4.54,1,1.5,0.7071067811865476,4.54,0,5.081404364984463,8289.707692307693,False,False,False,True,False,False,True,False,False,False,False,True,False
1222,0,44,113,9.416666666666666,7160,8.87640491500694,0.8524628514853139,2,1.0986122886681098,2.99,1,2.0,0.0,2.99,0,4.736198448394496,8398.192982456141,True,False,False,False,False,False,True,False,False,False,True,False,False
1223,0,42,110,9.166666666666666,6103,8.716699572964293,0.752906700427334,1,0.6931471805599453,2.12,2,2.0,0.0,4.24,0,4.709530201312334,8104.918032786885,False,False,True,False,False,False,False,True,True,False,False,False,False
1224,0,47,130,10.833333333333334,2009,7.605890001053122,0.24784361152851286,1,0.6931471805599453,1.25,3,1.0,0.0,3.75,1,4.875197323201151,8104.918032786885,False,False,True,False,False,False,True,False,False,False,True,False,False
1225,1,51,191,15.916666666666666,9647,9.174505918966966,1.1744335903883532,0,0.0,1.09,3,1.5,0.7071067811865476,3.2700000000000005,1,5.2574953720277815,8213.172413793103,False,False,False,False,True,False,False,True,False,True,False,False,False
1226,1,27,13,1.0833333333333333,14539,9.58465875108751,1.6944150344097404,3,1.3862943611198906,3.31,5,3.5,2.1213203435596424,16.55,0,2.6390573296152584,8579.542372881357,False,True,False,False,False,False,True,False,False,False,True,False,False
1227,0,58,216,18.0,6389,8.762489547371581,0.7778020326517248,0,0.0,2.69,4,3.0,0.0,10.76,0,5.37989735354046,8213.172413793103,False,False,False,False,True,False,False,True,False,False,True,False,False
1228,1,50,133,11.083333333333334,4558,8.424858580213442,0.5312018520420659,3,1.3862943611198906,1.49,5,3.0,2.8284271247461903,7.45,1,4.897839799950911,8579.542372881357,False,True,False,False,False,True,False,False,False,False,False,False,True
1229,1,24,102,8.5,7945,8.980423936374544,0.9583017873578574,4,1.6094379124341003,1.58,5,2.5,0.7071067811865476,7.9,1,4.634728988229636,8289.707692307693,False,False,False,True,False,True,False,False,True,False,False,False,False
1230,1,42,207,17.25,9979,9.20833836930551,1.2036366942786734,2,1.0986122886681098,3.66,5,3.0,2.8284271247461903,18.3,0,5.337538079701318,8289.707692307693,False,False,False,True,False,False,False,True,False,False,False,False,True
1231,0,22,210,17.5,1856,7.526717561352706,0.22595094265168275,0,0.0,3.73,2,4.0,1.4142135623730951,7.46,0,5.351858133476067,8213.172413793103,False,False,False,False,True,False,True,False,True,False,False,False,False
1232,1,23,45,3.75,14090,9.553291574695105,1.642087339901867,3,1.3862943611198906,3.94,1,2.5,2.1213203435596424,3.94,0,3.828641396489095,8579.542372881357,False,True,False,False,False,True,False,False,True,False,False,False,False
1233,0,25,222,18.5,11421,9.343296599224809,1.39040178665133,0,0.0,4.31,1,3.0,2.8284271247461903,4.31,0,5.407171771460119,8213.172413793103,False,False,False,False,True,False,False,True,False,True,False,False,False
1234,1,22,123,10.25,6847,8.831711917821577,0.8258643597280365,1,0.6931471805599453,2.91,3,4.5,0.7071067811865476,8.73,0,4.820281565605037,8289.707692307693,False,False,False,True,False,False,True,False,False,False,True,False,False
1235,1,42,140,11.666666666666666,5886,8.68050180902826,0.7099514563106796,1,0.6931471805599453,4.06,5,3.5,2.1213203435596424,20.299999999999997,0,4.948759890378168,8289.707692307693,False,False,False,True,False,True,False,False,False,False,True,False,False
1236,1,35,56,4.666666666666667,7613,8.937743936942443,0.9182569549597696,2,1.0986122886681098,1.77,2,3.5,2.1213203435596424,3.54,1,4.04305126783455,8289.707692307693,False,False,False,True,False,False,True,False,True,False,False,False,False
1237,1,42,134,11.166666666666666,13418,9.504426892100957,1.633518183459202,1,0.6931471805599453,2.52,4,3.0,1.4142135623730951,10.08,0,4.90527477843843,8213.172413793103,False,False,False,False,True,False,False,True,False,True,False,False,False
1238,1,42,194,16.166666666666668,13729,9.527338498762017,1.6000154073465387,1,0.6931471805599453,4.32,4,4.0,1.4142135623730951,17.28,0,5.272999558563747,8579.542372881357,False,True,False,False,False,False,True,False,False,False,True,False,False
1239,1,59,233,19.416666666666668,3457,8.148445666243235,0.4169728481933434,1,0.6931471805599453,4.38,5,2.0,1.4142135623730951,21.9,0,5.455321115357702,8289.707692307693,False,False,False,True,False,True,False,False,False,False,False,False,True
1240,0,31,27,2.25,6380,8.761080103868347,0.7595967866587015,3,1.3862943611198906,2.71,4,2.5,0.7071067811865476,10.84,0,3.332204510175204,8398.192982456141,True,False,False,False,False,False,True,False,False,True,False,False,False
1241,1,21,218,18.166666666666668,12580,9.439943018351132,1.5173614203853805,0,0.0,4.81,3,4.5,0.7071067811865476,14.43,0,5.389071729816501,8289.707692307693,False,False,False,True,False,False,True,False,False,False,True,False,False
1242,1,33,63,5.25,10958,9.301916315463393,1.3046491517564343,2,1.0986122886681098,3.6,4,2.5,2.1213203435596424,14.4,0,4.1588830833596715,8398.192982456141,True,False,False,False,False,False,False,True,True,False,False,False,False
1243,0,34,74,6.166666666666667,7128,8.871926251117628,0.8677684909596954,2,1.0986122886681098,3.4,5,1.5,0.7071067811865476,17.0,0,4.31748811353631,8213.172413793103,False,False,False,False,True,False,False,True,False,False,False,False,True
1244,0,41,90,7.5,6648,8.802221746402456,0.8201415278454721,2,1.0986122886681098,3.57,2,1.5,0.7071067811865476,7.14,0,4.51085950651685,8104.918032786885,False,False,True,False,False,False,True,False,False,False,True,False,False
1245,0,42,147,12.25,5194,8.555451903533328,0.6053230406990984,3,1.3862943611198906,1.92,1,2.5,0.7071067811865476,1.92,1,4.997212273764115,8579.542372881357,False,True,False,False,False,True,False,False,False,False,False,True,False
1246,0,54,228,19.0,6367,8.75904072752422,0.7854754975619918,3,1.3862943611198906,2.85,4,3.0,1.4142135623730951,11.4,0,5.43372200355424,8104.918032786885,False,False,True,False,False,False,True,False,False,False,False,True,False
1247,0,38,201,16.75,11464,9.347054195292005,1.4142753422413497,1,0.6931471805599453,3.92,2,4.0,1.4142135623730951,7.84,0,5.308267697401205,8104.918032786885,False,False,True,False,False,False,False,True,False,False,False,False,True
1248,1,26,125,10.416666666666666,5507,8.613956859848546,0.6642376265550309,1,0.6931471805599453,4.96,2,3.5,2.1213203435596424,9.92,0,4.836281906951478,8289.707692307693,False,False,False,True,False,True,False,False,False,False,False,True,False
1249,1,33,137,11.416666666666666,4972,8.511778558714738,0.6133790127027208,2,1.0986122886681098,1.61,1,1.5,0.7071067811865476,1.61,1,4.927253685157205,8104.918032786885,False,False,True,False,False,False,False,True,False,False,True,False,False
1250,0,50,81,6.75,10163,9.226607344440055,1.2537753230285098,1,0.6931471805599453,4.49,5,4.0,0.0,22.450000000000003,0,4.406719247264253,8104.918032786885,False,False,True,False,False,False,True,False,True,False,False,False,False
1251,0,48,228,19.0,11421,9.343296599224809,1.3310347415911443,1,0.6931471805599453,3.54,4,3.5,0.7071067811865476,14.16,0,5.43372200355424,8579.542372881357,False,True,False,False,False,False,False,True,False,False,True,False,False
1252,0,27,50,4.166666666666667,7813,8.963672275615016,0.9423803479706658,0,0.0,1.99,4,1.0,0.0,7.96,1,3.9318256327243257,8289.707692307693,False,False,False,True,False,False,True,False,True,False,False,False,False
1253,1,58,119,9.916666666666666,13565,9.515321941506025,1.5809023964349769,3,1.3862943611198906,1.95,5,1.0,0.0,9.75,1,4.787491742782046,8579.542372881357,False,True,False,False,False,False,True,False,False,True,False,False,False
1254,0,38,18,1.5,5830,8.670943791222156,0.7031969062676285,1,0.6931471805599453,2.43,3,3.0,2.8284271247461903,7.290000000000001,0,2.9444389791664403,8289.707692307693,False,False,False,True,False,False,False,True,False,False,False,True,False
1255,1,55,80,6.666666666666667,6225,8.736489351001554,0.7254786153931243,2,1.0986122886681098,2.42,2,2.5,0.7071067811865476,4.84,0,4.394449154672439,8579.542372881357,False,True,False,False,False,False,True,False,False,False,False,False,True
1256,0,37,71,5.916666666666667,5137,8.544419177669829,0.6253825390095336,2,1.0986122886681098,1.97,1,3.0,1.4142135623730951,1.97,1,4.276666119016055,8213.172413793103,False,False,False,False,True,False,True,False,False,False,True,False,False
1257,1,51,172,14.333333333333334,4223,8.348537825386098,0.5209773874987107,3,1.3862943611198906,4.51,1,2.0,0.0,4.51,0,5.153291594497779,8104.918032786885,False,False,True,False,False,True,False,False,False,False,False,False,True
1258,0,32,92,7.666666666666667,13515,9.511629447834181,1.5750752589619397,4,1.6094379124341003,4.07,1,4.0,1.4142135623730951,4.07,0,4.532599493153256,8579.542372881357,False,True,False,False,False,False,True,False,False,True,False,False,False
1259,1,53,56,4.666666666666667,6382,8.761393485256058,0.7598349047736415,0,0.0,1.5,2,1.5,0.7071067811865476,3.0,1,4.04305126783455,8398.192982456141,True,False,False,False,False,False,True,False,False,False,False,False,True
1260,0,39,146,12.166666666666666,3603,8.189799618728228,0.4289697840644673,1,0.6931471805599453,4.96,2,3.5,2.1213203435596424,9.92,0,4.990432586778736,8398.192982456141,True,False,False,False,False,False,False,True,False,True,False,False,False
1261,0,47,2,0.16666666666666666,9185,9.12543586488574,1.093557442862096,2,1.0986122886681098,3.03,1,2.5,2.1213203435596424,3.03,0,1.0986122886681098,8398.192982456141,True,False,False,False,False,False,True,False,False,True,False,False,False
1262,1,57,232,19.333333333333332,10014,9.211839248099919,1.167059093099879,4,1.6094379124341003,2.84,2,3.5,0.7071067811865476,5.68,0,5.4510384535657,8579.542372881357,False,True,False,False,False,False,False,True,False,False,True,False,False
1263,0,25,82,6.833333333333333,8070,8.996032669324372,0.9608065937830284,3,1.3862943611198906,1.42,1,2.5,0.7071067811865476,1.42,1,4.418840607796598,8398.192982456141,True,False,False,False,False,True,False,False,False,True,False,False,False
1264,1,45,101,8.416666666666666,14554,9.585689856179723,1.7327855224186115,2,1.0986122886681098,4.77,1,2.5,2.1213203435596424,4.77,0,4.624972813284271,8398.192982456141,True,False,False,False,False,False,False,True,False,False,False,False,True
1265,0,36,183,15.25,8994,9.104424146384634,1.1095597023829988,3,1.3862943611198906,2.04,2,2.0,0.0,4.08,0,5.214935757608986,8104.918032786885,False,False,True,False,False,False,True,False,False,True,False,False,False
1266,0,38,11,0.9166666666666666,9165,9.123256265069069,1.115754520152302,3,1.3862943611198906,1.98,4,4.5,0.7071067811865476,7.92,1,2.4849066497880004,8213.172413793103,False,False,False,False,True,True,False,False,False,False,True,False,False
1267,0,47,185,15.416666666666666,8311,9.025455532779063,0.968586790768234,4,1.6094379124341003,1.83,1,1.0,0.0,1.83,1,5.225746673713202,8579.542372881357,False,True,False,False,False,True,False,False,True,False,False,False,False
1268,1,30,13,1.0833333333333333,13135,9.48311183169221,1.5307890141668574,1,0.6931471805599453,2.71,1,1.0,0.0,2.71,0,2.6390573296152584,8579.542372881357,False,True,False,False,False,False,True,False,False,True,False,False,False
1269,1,32,144,12.0,9350,9.143238568435446,1.0896747074579458,0,0.0,3.52,1,3.0,2.8284271247461903,3.52,0,4.976733742420574,8579.542372881357,False,True,False,False,False,True,False,False,False,True,False,False,False
1270,1,32,112,9.333333333333334,10550,9.263975921142093,1.3015182188281786,0,0.0,2.53,4,2.5,2.1213203435596424,10.12,0,4.727387818712341,8104.918032786885,False,False,True,False,False,False,False,True,False,False,True,False,False
1271,1,56,226,18.833333333333332,10677,9.275940829060131,1.2878273358867016,3,1.3862943611198906,2.33,5,5.0,0.0,11.65,0,5.424950017481403,8289.707692307693,False,False,False,True,False,False,False,True,True,False,False,False,False
1272,0,38,92,7.666666666666667,8820,9.084890521258767,1.0880939042715199,2,1.0986122886681098,3.14,4,4.5,0.7071067811865476,12.56,0,4.532599493153256,8104.918032786885,False,False,True,False,False,False,False,True,False,False,False,False,True
1273,1,39,7,0.5833333333333334,8582,9.05753878171822,1.0587326401880026,1,0.6931471805599453,3.6,5,3.0,0.0,18.0,0,2.0794415416798357,8104.918032786885,False,False,True,False,False,False,True,False,True,False,False,False,False
1274,1,39,16,1.3333333333333333,8838,9.086929027060949,1.0300048197340455,3,1.3862943611198906,3.05,1,4.0,1.4142135623730951,3.05,0,2.833213344056216,8579.542372881357,False,True,False,False,False,False,False,True,True,False,False,False,False
1275,0,58,89,7.416666666666667,7378,8.906393407058367,0.8982036933642863,5,1.791759469228055,3.96,1,3.5,2.1213203435596424,3.96,0,4.499809670330265,8213.172413793103,False,False,False,False,True,False,True,False,False,False,False,True,False
1276,1,46,196,16.333333333333332,13988,9.546026585476431,1.7256527815136078,0,0.0,1.35,2,4.5,0.7071067811865476,2.7,1,5.2832037287379885,8104.918032786885,False,False,True,False,False,False,True,False,False,True,False,False,False
1277,0,56,102,8.5,12970,9.470471375340674,1.5644020367566283,0,0.0,2.0,2,2.5,0.7071067811865476,4.0,0,4.634728988229636,8289.707692307693,False,False,False,True,False,False,True,False,True,False,False,False,False
1278,0,42,71,5.916666666666667,8049,8.99342737041261,0.958306353576158,0,0.0,4.64,2,1.5,0.7071067811865476,9.28,0,4.276666119016055,8398.192982456141,True,False,False,False,False,False,True,False,False,False,False,True,False
1279,0,35,111,9.25,9394,9.147932911847565,1.1330757697218015,3,1.3862943611198906,4.96,5,3.0,1.4142135623730951,24.8,0,4.718498871295094,8289.707692307693,False,False,False,True,False,False,True,False,True,False,False,False,False
1280,1,47,179,14.916666666666666,4430,8.39638057119949,0.5343331551913542,1,0.6931471805599453,4.19,4,4.5,0.7071067811865476,16.76,0,5.19295685089021,8289.707692307693,False,False,False,True,False,False,True,False,False,False,False,True,False
1281,1,39,111,9.25,4023,8.300031711779575,0.4897632770946766,1,0.6931471805599453,2.98,1,3.0,2.8284271247461903,2.98,0,4.718498871295094,8213.172413793103,False,False,False,False,True,False,True,False,False,False,False,False,True
1282,1,47,43,3.5833333333333335,10140,9.224341891611996,1.1817434795319326,3,1.3862943611198906,2.07,1,3.5,0.7071067811865476,2.07,0,3.784189633918261,8579.542372881357,False,True,False,False,False,True,False,False,False,False,True,False,False
1283,0,39,55,4.583333333333333,13925,9.541512875502493,1.6795912383836584,1,0.6931471805599453,4.4,1,3.0,0.0,4.4,0,4.02535169073515,8289.707692307693,False,False,False,True,False,False,True,False,False,False,False,True,False
1284,1,42,133,11.083333333333334,1869,7.533693709848633,0.22252137841145972,1,0.6931471805599453,4.27,5,4.0,1.4142135623730951,21.349999999999998,0,4.897839799950911,8398.192982456141,True,False,False,False,False,False,True,False,False,True,False,False,False
1285,0,25,225,18.75,2053,7.627544390488503,0.2532717443842892,4,1.6094379124341003,4.81,5,3.0,1.4142135623730951,24.049999999999997,0,5.420534999272286,8104.918032786885,False,False,True,False,False,False,True,False,False,False,False,False,True
1286,1,58,29,2.4166666666666665,11708,9.368113055848724,1.3644825106863774,1,0.6931471805599453,2.96,2,4.5,0.7071067811865476,5.92,0,3.4011973816621555,8579.542372881357,False,True,False,False,False,False,False,True,False,False,False,True,False
1287,1,59,196,16.333333333333332,14904,9.609452006112171,1.838656638238405,0,0.0,4.77,3,5.0,0.0,14.309999999999999,0,5.2832037287379885,8104.918032786885,False,False,True,False,False,False,True,False,False,False,True,False,False
1288,0,29,46,3.8333333333333335,9118,9.118115427933665,1.085580486011605,2,1.0986122886681098,1.81,2,2.0,1.4142135623730951,3.62,1,3.8501476017100584,8398.192982456141,True,False,False,False,False,True,False,False,False,False,False,True,False
1289,0,38,204,17.0,13001,9.472858470764415,1.6038898922260805,0,0.0,2.36,2,2.5,0.7071067811865476,4.72,0,5.3230099791384085,8104.918032786885,False,False,True,False,False,True,False,False,True,False,False,False,False
1290,0,28,226,18.833333333333332,12051,9.396985900250192,1.467098496710899,2,1.0986122886681098,2.05,4,1.5,0.7071067811865476,8.2,0,5.424950017481403,8213.172413793103,False,False,False,False,True,True,False,False,False,False,False,False,True
1291,0,45,172,14.333333333333334,14498,9.581834960513193,1.68963678168185,0,0.0,2.99,4,3.5,2.1213203435596424,11.96,0,5.153291594497779,8579.542372881357,False,True,False,False,False,True,False,False,False,False,False,False,True
1292,1,23,146,12.166666666666666,3914,8.272570608424903,0.47209480122324154,2,1.0986122886681098,1.14,3,3.0,1.4142135623730951,3.42,1,4.990432586778736,8289.707692307693,False,False,False,True,False,False,False,True,False,False,False,True,False
1293,1,41,183,15.25,5097,8.53660358493606,0.5940183940014063,4,1.6094379124341003,2.86,1,1.0,0.0,2.86,0,5.214935757608986,8579.542372881357,False,True,False,False,False,True,False,False,False,False,False,True,False
1294,0,59,162,13.5,10749,9.28266103355581,1.3085919625877898,1,0.6931471805599453,1.58,5,3.5,2.1213203435596424,7.9,1,5.093750200806762,8213.172413793103,False,False,False,False,True,False,True,False,False,True,False,False,False
1295,1,52,31,2.5833333333333335,3405,8.133293861222633,0.4145274567505279,1,0.6931471805599453,4.13,3,3.5,0.7071067811865476,12.39,0,3.4657359027997265,8213.172413793103,False,False,False,False,True,False,True,False,False,False,True,False,False
1296,1,59,60,5.0,6739,8.815815203906352,0.7853815886159461,0,0.0,3.71,2,3.0,0.0,7.42,0,4.110873864173311,8579.542372881357,False,True,False,False,False,False,False,True,False,True,False,False,False
1297,0,51,53,4.416666666666667,14747,9.598862759354034,1.7953117194420074,0,0.0,1.21,1,1.5,0.7071067811865476,1.21,1,3.9889840465642745,8213.172413793103,False,False,False,False,True,True,False,False,False,False,True,False,False
1298,1,35,48,4.0,13007,9.473319831787592,1.5834827107060547,5,1.791759469228055,2.24,5,1.5,0.7071067811865476,11.200000000000001,0,3.8918202981106265,8213.172413793103,False,False,False,False,True,False,False,True,False,False,True,False,False
1299,1,28,234,19.5,14264,9.5655642636476,1.7204803895371277,2,1.0986122886681098,2.26,1,4.0,0.0,2.26,0,5.459585514144159,8289.707692307693,False,False,False,True,False,True,False,False,False,False,True,False,False
